artist,album,track,track_id,danceability,energy,key,loudness,speechiness,acousticness,instrumentalness,liveness,valence,tempo,duration_ms,time_signature,mood,lyrics
AURORA,All My Demons Greeting Me As A Friend (Deluxe),Runaway,1v1oIWf2Xgh54kIWuKsDf6,0.422,0.302,11,-9.214,0.0372,0.629,7.83e-05,0.104,0.123,114.089,248827,4,Calm,"{'title': 'AURORA – Runaway Lyrics', 'lyrics': ""[Intro]\n(Ah-ah, ah-ah, ah-ah, ah-ah)\n\n[Verse 1]\nI was listenin' to the ocean\nI saw a face in the sand\nBut when I picked it up\nThen it vanished away from my hands, dah\nI had a dream I was seven\nClimbin' my way in a tree\nI saw a piece of heaven\nWaitin' in patience for me, dah\n\n[Pre-Chorus]\nAnd I was runnin' far away\nWould I run off the world someday?\nNobody knows, nobody knows\nAnd I was dancing in the rain\nI felt alive and I can't complain\n\n[Chorus]\nBut no, take me home\nTake me home where I belong\nI can't take it anymore\n\n[Verse 2]\nI was painting a picture\nThe picture was a painting of you\nAnd for a moment I thought you were here\nBut then again, it wasn't true, dah\nAnd all this time I have been lyin'\nOh, lyin' in secret to myself\nI've been putting sorrow on the farthest place on my shelf\nLa-di-da\n\n[Pre-Chorus]\nAnd I was runnin' far away\nWould I run off the world someday?\nNobody knows, nobody knows\nAnd I was dancing in the rain\nI felt alive and I can't complain\n\n[Chorus]\nBut no, take me home\nTake me home where I belong\nI got no other place to go\nNo, take me home\nTake me home where I belong\nI got no other place to go\nNo, take me home\nTake me home where I belong\nI can't take it anymore\n\n[Bridge]\nBut I kept runnin' for a soft place to fall\nAnd I kept runnin' for a soft place to fall\nAnd I kept runnin' for a soft place to fall\nAnd I kept runnin' for a soft place to fall\n\n[Pre-Chorus]\nAnd I was runnin' far away\nWould I run off the world someday?\n\n[Chorus]\nBut no, take me home\nTake me home where I belong\nI got no other place to go\nNo, take me home\nTake me home where I belong\nI got no other place to go\n\n[Outro]\nNo, take me home, home where I belong, no, no\nNo, take me home, home where I belong, oh, oh, oh\nNo, take me home, home where I belong, no, no\nNo, take me home, home where I belong\nI can't take it anymore""}"
Ruth B.,Safe Haven,Dandelions,2eAvDnpXP5W0cVtiI0PUxV,0.609,0.692,1,-2.958,0.0259,0.0157,0.0,0.0864,0.454,116.959,233720,3,Calm,"{'title': 'Ruth B. – Dandelions Lyrics', 'lyrics': ""[Verse 1]\nMaybe it's the way you say my name\nMaybe it's the way you play your game\nBut it's so good, I've never known anybody like you\nBut it's so good, I've never dreamed of nobody like you\n\n[Pre-Chorus]\nAnd I've heard of a love that comes once in a lifetime\nAnd I'm pretty sure that you are that love of mine\n\n[Chorus]\n'Cause I'm in a field of dandelions\nWishing on every one that you'd be mine, mine\nAnd I see forever in your eyes\nI feel okay when I see you smile, smile\n\n[Post-Chorus]\nWishing on dandelions all of the time\nPraying to God that one day you'll be mine\nWishing on dandelions all of the time, all of the time\n\n[Verse 2]\nI think that you are the one for me\nCause it gets so hard to breathe\nWhen you're looking at me\nI've never felt so alive and free\nWhen you're looking at me\nI've never felt so happy\n\n[Pre-Chorus]\nAnd I've heard of a love that comes once in a lifetime\nAnd I'm pretty sure that you are that love of mine\n\n[Chorus]\nCause I'm in a field of dandelions\nWishing on every one that you'd be mine, mine\nAnd I see forever in your eyes\nI feel okay when I see you smile, smile\n\n[Post-Chorus]\nWishing on dandelions all of the time\nPraying to God that one day you'll be mine\nWishing on dandelions all of the time, all of the time\n\n[Bridge]\nDandelion into the wind you go\nWon't you let my darling know?\nDandelion into the wind you go\nWon't you let my darling know that\n\n[Chorus]\nI'm in a field of dandelions\nWishing on every one that you'd be mine, mine\nAnd I see forever in your eyes\nI feel okay when I see you smile, smile\n\n[Post-Chorus]\nWishing on dandelions all of the time\nPraying to God that one day you'll be mine\nWishing on dandelions all of the time, all of the time\n\n[Outro]\nI'm in a field of dandelions\nWishing on every one that you'd be mine, mine""}"
Christina Perri,A Thousand Years,A Thousand Years,6lanRgr6wXibZr8KgzXxBl,0.421,0.407,10,-7.445,0.0267,0.309,0.000961,0.11,0.161,139.028,285120,3,Calm,"{'title': 'Christina Perri – A Thousand Years Lyrics', 'lyrics': ""[Verse 1]\nHeart beats fast\nColors and promises\nHow to be brave?\nHow can I love when I'm afraid to fall?\nBut watching you stand alone\nAll of my doubt suddenly goes away somehow\n\n[Pre-Chorus]\nOne step closer\n\n[Chorus]\nI have died every day waiting for you\nDarling, don't be afraid\nI have loved you for a thousand years\nI'll love you for a thousand more\n\n[Verse 2]\nTime stands still\nBeauty in all she is\nI will be brave\nI will not let anything\nTake away\nWhat's standing in front of me\nEvery breath\nEvery hour has come to this\n[Pre-Chorus]\nOne step closer\n\n[Chorus]\nI have died every day waiting for you\nDarling, don't be afraid\nI have loved you for a thousand years\nI'll love you for a thousand more\n\n[Bridge]\nAnd all along I believed I would find you\nTime has brought your heart to me\nI have loved you for a thousand years\nI'll love you for a thousand more\n\n[Pre-Chorus]\nOne step closer\nOne step closer\n\n[Chorus]\nI have died every day waiting for you\nDarling, don't be afraid\nI have loved you for a thousand years\nI'll love you for a thousand more\n\n[Outro]\nAnd all along I believed I would find you\nTime has brought your heart to me\nI have loved you for a thousand years\nI'll love you for a thousand more""}"
Billie Eilish,lovely (with Khalid),lovely (with Khalid),0u2P5u6lvoDfwTYjAADbn4,0.351,0.296,4,-10.109,0.0333,0.934,0.0,0.095,0.12,115.284,200186,4,Calm,"{'title': 'Billie Eilish & Khalid – \u200blovely Lyrics', 'lyrics': ""[Verse 1: Billie Eilish & Khalid]\nThought I found a way\nThought I found a way out (Found)\nBut you never go away (Never go away)\nSo I guess I gotta stay now\n\n[Pre-Chorus: Billie Eilish & Khalid]\nOh, I hope some day I'll make it out of here\nEven if it takes all night or a hundred years\nNeed a place to hide, but I can't find one near\nWanna feel alive, outside I can't fight my fear\n\n[Chorus: Billie Eilish with Khalid]\nIsn't it lovely, all alone?\nHeart made of glass, my mind of stone\nTear me to pieces, skin to bone\nHello, welcome home\n\n[Verse 2: Khalid with Billie Eilish]\nWalking out of time\nLooking for a better place (Looking for a better place)\nSomething's on my mind\nAlways in my head space\n\n[Pre-Chorus: Billie Eilish & Khalid]\nBut I know someday I'll make it out of here\nEven if it takes all night or a hundred years\nNeed a place to hide, but I can't find one near\nWanna feel alive, outside I can't fight my fear\n[Chorus: Billie Eilish with Khalid]\nIsn't it lovely, all alone?\nHeart made of glass, my mind of stone\nTear me to pieces, skin to bone\nHello, welcome home\n\n[Outro: Khalid, Billie Eilish, Khalid & Billie Eilish]\nWoah, yeah\nYeah, ah\nWoah, woah\nHello, welcome home""}"
Alec Benjamin,Narrated For You,Let Me Down Slowly,2qxmye6gAegTMjLKEBoR3d,0.652,0.557,1,-5.714,0.0318,0.74,0.0,0.124,0.483,150.073,169354,4,Calm,"{'title': 'Alec Benjamin – Let Me Down Slowly Lyrics', 'lyrics': ""[Verse 1]\nThis night is cold in the kingdom\nI can feel you fade away\nFrom the kitchen to the bathroom sink and\nYour steps keep me awake\n\n[Pre-Chorus]\nDon't cut me down, throw me out, leave me here to waste\nI once was a man with dignity and grace\nNow I'm slipping through the cracks of your cold embrace\nSo please, please\n\n[Chorus]\nCould you find a way to let me down slowly?\nA little sympathy, I hope you can show me\nIf you wanna go, then I'll be so lonely\nIf you're leaving, baby let me down slowly\nLet me down, down\nLet me down, down\nLet me down, let me down\nDown, let me down, down\nLet me down\nIf you wanna go, then I'll be so lonely\nIf you're leaving, baby let me down slowly\n\n[Verse 2]\nCold skin, drag my feet on the tile\nAs I'm walking down the corridor\nAnd I know we haven't talked in a while\nSo I'm looking for an open door\n[Pre-Chorus]\nDon't cut me down, throw me out, leave me here to waste\nI once was a man with dignity and grace\nNow I'm slipping through the cracks of your cold embrace\nSo please, please\n\n[Chorus]\nCould you find a way to let me down slowly?\nA little sympathy, I hope you can show me\nIf you wanna go, then I'll be so lonely\nIf you're leaving, baby let me down slowly\nLet me down, down\nLet me down, down\nLet me down, let me down\nDown, let me down, down\nLet me down\nIf you wanna go, then I'll be so lonely\nIf you're leaving, baby let me down slowly\n\n[Bridge]\nAnd I can't stop myself from falling down\nAnd I can't stop myself from falling down\nAnd I can't stop myself from falling down\nAnd I can't stop myself from falling down\n\n[Chorus]\nCould you find a way to let me down slowly?\nA little sympathy, I hope you can show me\nIf you wanna go, then I'll be so lonely\nIf you're leaving, baby let me down slowly\nLet me down, down\nLet me down, down\nLet me down, let me down\nDown, let me down, down\nLet me down\nIf you wanna go, then I'll be so lonely\nIf you're leaving, baby let me down slowly\nIf you wanna go, then I'll be so lonely\nIf you're leaving, baby let me down slowly""}"
Alec Benjamin,Let Me Down Slowly (feat. Alessia Cara),Let Me Down Slowly (feat. Alessia Cara),1roCmBlcpV7LzsmB7pmCyt,0.655,0.569,1,-5.018,0.0349,0.716,7.4e-06,0.135,0.44,150.267,169175,4,Calm,"{'title': 'Alec Benjamin – Let Me Down Slowly (Remix) Lyrics', 'lyrics': ""[Verse 1: Alec Benjamin]\nThis night is cold in the kingdom\nI can feel you fade away\nFrom the kitchen to the bathroom sink and\nYour steps keep me awake\n\n[Pre-Chorus: Alec Benjamin]\nDon't cut me down, throw me out, leave me here to waste\nI once was a man with dignity and grace\nNow I'm slipping through the cracks of your cold embrace\nSo please, please\n\n[Chorus: Alec Benjamin]\nCould you find a way to let me down slowly?\nA little sympathy, I hope you can show me\nIf you wanna go, then I'll be so lonely\nIf you're leaving, baby, let me down slowly\nLet me down, down, let me down, down, let me down\nLet me down, down, let me down, down, let me down\nIf you wanna go, then I'll be so lonely\nIf you're leaving, baby let me down slowly\n\n[Verse 2: Alessia Cara]\nI hold on to little pieces of what we were\nI know we're long gone, but take it easy\nBecause it hurts\n[Pre-Chorus: Alessia Cara]\nDon't cut me down, throw me out, leave me here to waste\nI once was a girl with dignity and grace\nNow I'm slipping through the cracks of your cold embrace\nSo please, please\n\n[Chorus: Alessia Cara]\nCould you find a way to let me down slowly?\nA little sympathy, I hope you can show me\nIf you wanna go, then I'll be so lonely\nIf you're leaving, baby, let me down slowly\nLet me down, down, let me down, down, let me down\nLet me down, down, let me down, down, let me down\nIf you wanna go, then I'll be so lonely\nIf you're leaving, baby let me down slowly\n\n[Bridge: Alec Benjamin & Alessia Cara]\nAnd I can't stop myself from falling down\nAnd I can't stop myself from falling down\nAnd I can't stop myself from falling down\nAnd I can't stop myself from falling down\n\n[Chorus: Alec Benjamin & Alessia Cara, Alec Benjamin]\nCould you find a way to let me down slowly?\nA little sympathy, I hope you can show me\nIf you wanna go, then I'll be so lonely\nIf you're leaving, baby, let me down slowly\nLet me down, down, let me down, down, let me down\nLet me down, down, let me down, down, let me down\nIf you wanna go, then I'll be so lonely\nIf you're leaving, baby let me down slowly\nIf you wanna go, then I'll be so lonely\nIf you're leaving, baby let me down slowly""}"
Sasha Alex Sloan,Older,Older,52iLDrSoRtf9lcgFuLVfqE,0.681,0.292,11,-9.599,0.0483,0.743,0.0,0.0974,0.162,64.002,191002,4,Calm,"{'title': 'Sasha Alex Sloan – Older Lyrics', 'lyrics': ""[Verse 1]\nI used to shut my door while my mother screamed in the kitchen\nI'd turn the music up, get high and try not to listen\nTo every little fight 'cause neither one was right\n\n[Pre-Chorus]\nI swore I'd never be like them\nBut I was just a kid back then\n\n[Chorus]\nThe older I get, the more that I see\nMy parents aren't heroes, they're just like me\nAnd loving is hard, it don't always work\nYou just try your best not to get hurt\nI used to be mad, but now I know\nSometimes it's better to let someone go\nIt just hadn't hit me yet\nThe older I get\n\n[Verse 2]\nI used to wonder why, why they could never be happy\nI used to close my eyes and pray for a whole 'nother family\nWhere everything was fine, one that felt like mine\n\n[Pre-Chorus]\nI swore I'd never be like them\nBut I was just a kid back then\n\n[Chorus]\nThe older I get, the more that I see\nMy parents aren't heroes, they're just like me\nAnd loving is hard, it don't always work\nYou just try your best not to get hurt\nI used to be mad, but now I know\nSometimes it's better to let someone go\nIt just hadn't hit me yet\nThe older I get\n\n[Chorus]\nThe older I get, the more that I see\nMy parents aren't heroes, they're just like me\nAnd loving is hard, it don't always work\nYou just try your best not to get hurt\nI used to be mad, but now I know\nSometimes it's better to let someone go\nIt just hadn't hit me yet\nThe older I get""}"
Ruth B.,Safe Haven,Lost Boy,0zMzyHAeMvwq5CRstru1Fp,0.586,0.128,7,-9.297,0.0496,0.963,0.0,0.0858,0.371,123.498,276067,4,Calm,"{'title': 'Ruth B. – Lost Boy Lyrics', 'lyrics': '[Verse 1]\nThere was a time when I was alone\nNowhere to go and no place to call home\nMy only friend was the man in the Moon\nAnd even sometimes he would go away too\nThen one night, as I closed my eyes\nI saw a shadow flying high\nHe came to me with the sweetest smile\nTold me he wanted to talk for a while\nHe said, ""Peter Pan, that\'s what they call me\nI promise that you\'ll never be lonely""\nAnd ever since that day\n\n[Chorus]\nI am a Lost Boy from Neverland\nUsually hanging out with Peter Pan\nAnd when we\'re bored we play in the woods\nAlways on the run from Captain Hook\n""Run, run Lost Boy,"" they say to me\nAway from all of reality\nNeverland is home to Lost Boys like me\nAnd Lost Boys like me are free\nNeverland is home to Lost Boys like me\nAnd Lost Boys like me are free\n\n[Verse 2]\nHe sprinkled me in pixie dust and told me to believe\nBelieve in him and believe in me\nTogether we will fly away in a cloud of green\nTo your beautiful destiny\nAs we soared above the town that never loved me\nI realized I finally had a family\nSoon enough we reached Neverland\nPeacefully my feet hit the sand\nAnd ever since that day...\n[Chorus]\nI am a Lost Boy from Neverland\nUsually hanging out with Peter Pan\nAnd when we\'re bored we play in the woods\nAlways on the run from Captain Hook\n""Run, run Lost Boy,"" they say to me\nAway from all of reality\nNeverland is home to Lost Boys like me\nAnd Lost Boys like me are free\nNeverland is home to Lost Boys like me\nAnd Lost Boys like me are free\n\n[Bridge]\nPeter Pan, Tinker Bell, Wendy Darling\nEven Captain Hook, you are my perfect storybook\nNeverland, I love you so, you are now my home sweet home\nForever a Lost Boy at last\n\nAnd for always I will say...\n\n[Chorus]\nI am a Lost Boy from Neverland\nUsually hanging out with Peter Pan\nAnd when we\'re bored we play in the Woods\nAlways on the run from Captain Hook\n""Run, run Lost Boy,"" they say to me\nAway from all of reality\nNeverland is home to Lost Boys like me\nAnd Lost Boys like me are free\nNeverland is home to Lost Boys like me\nAnd Lost Boys like me are free'}"
James Arthur,Back from the Edge,Say You Won't Let Go,5uCax9HTNlzGybIStD3vDh,0.358,0.557,10,-7.398,0.059,0.695,0.0,0.0902,0.494,85.043,211467,4,Calm,"{'title': ""James Arthur – Say You Won't Let Go Lyrics"", 'lyrics': ""[Verse 1]\nI met you in the dark\nYou lit me up\nYou made me feel as though\nI was enough\nWe danced the night away\nWe drank too much\nI held your hair back when\nYou were throwing up\n\n[Pre-Chorus]\nThen you smiled over your shoulder\nFor a minute, I was stone cold sober\nI pulled you closer to my chest\nAnd you asked me to stay over\nI said, I already told ya\nI think that you should get some rest\n\n[Chorus 1]\nI knew I loved you then\nBut you'd never know\n'Cause I played it cool\nWhen I was scared of letting go\nI knew I needed you\nBut I never showed\n\nBut I wanna stay with you\nUntil we're grey and old\nJust say you won't let go\nJust say you won't let go\n\n[Verse 2]\nI'll wake you up with some breakfast in bed\nI'll bring you coffee\nWith a kiss on your head\nAnd I'll take the kids to school\nWave them goodbye\nAnd I'll thank my lucky stars for that night\n\n[Pre-Chorus 2]\nWhen you looked over your shoulder\nFor a minute, I forget that I'm older\nI wanna dance with you right now, oh\nAnd you look as beautiful as ever\nAnd I swear that every day you'll get better\nYou make me feel this way somehow\n\n[Chorus 2]\nI'm so in love with you\nAnd I hope you know\nDarling your love is more\nThan worth its weight in gold\nWe've come so far my dear\nLook how we've grown\nAnd I wanna stay with you\nUntil we're grey and old\nJust say you won't let go\nJust say you won't let go\n\n[Bridge]\nI wanna live with you\nEven when we're ghosts\n'Cause you were always there for me\nWhen I needed you most\n\n[Chorus 3]\nI'm gonna love you till\nMy lungs give out\nI promise 'til death we part\nLike in our vows\nSo I wrote this song for you\nNow everybody knows\nThat it's just you and me\nUntil we're grey and old\nJust say you won't let go\nJust say you won't let go\n\n[Outro]\nJust say you won't let go\nOh, just say you won't let go""}"
James Arthur,Back from the Edge,Can I Be Him,0VhgEqMTNZwYL1ARDLLNCX,0.696,0.543,11,-6.164,0.0489,0.308,0.0,0.0939,0.479,107.969,246880,4,Calm,"{'title': 'James Arthur – Can I Be Him Lyrics', 'lyrics': ""[Verse 1]\nYou walked into the room\nAnd now my heart's been stolen\nYou took me back in time to when I was unbroken\nNow you're all I want\nAnd I knew it from the very first moment\nCause a light came on when I heard that song\nAnd I want you to sing it again\n\n[Chorus]\nI swear that every word you sing\nYou wrote them for me\nLike it was a private show\nBut I know you never saw me\nWhen the lights come on and I'm on my own\nWill you be there to sing it again?\nCould I be the one you talk about in all your stories?\nCan I be him?\n\n[Verse 2]\nI heard there was someone but I know he don't deserve you\nIf you were mine I'd never let anyone hurt you\nI wanna dry those tears, kiss those lips\nIt's all that I've been thinking about\nCause a light came on when I heard that song\nAnd I want you to sing it again\n[Chorus]\nI swear that every word you sing\nYou wrote them for me\nLike it was a private show\nBut I know you never saw me\nWhen the lights come on and I'm on my own\nWill you be there to sing it again?\nCould I be the one you talk about in all your stories?\n\n[Bridge]\nCan I be the one?\nCan I be the one?\nCan I be the one?\nOh, can I, can I be him?\n\n[Refrain]\nWon't you sing it again\nOh, when you sing it again\nCan I be him\nWon't you sing it again\nOh, when you sing it again\nCan I be him?\n\n[Chorus]\nI swear that every word you sang\nYou wrote them for me\nLike it was a private show\nBut I know you never saw me\nWhen the lights come on and I'm on my own\nWill you be there, will you be there\nCan I be the one you talk about in all your stories\nCan I be him\nCan I be him\nCan I be him\nCan I be him""}"
Shawn Mendes,Illuminate (Deluxe),Mercy,0AS63m1wHv9n4VVRizK6Hc,0.555,0.662,11,-4.952,0.0827,0.125,0.0,0.111,0.356,148.128,208733,4,Calm,"{'title': 'Shawn Mendes – Mercy Lyrics', 'lyrics': ""[Harmonizing Intro]\n\n[Verse 1]\nYou've got a hold on me\nDon't even know your power\nI stand a hundred feet\nBut I fall when I'm around ya\nShow me an open door\nAnd you go and slam it on me\nI can't take anymore\n\n[Chorus]\nI'm saying\nBaby, please have mercy on me\nTake it easy on my heart\nEven though you don't mean to hurt me\nYou keep tearing me apart\nWould you please have mercy, mercy on my heart?\nWould you please have mercy, mercy on my heart?\n\n[Verse 2]\nI'd drive through the night\nJust to be near you, baby\nHeart open, testify\nTell me that I'm not crazy\nI'm not asking for a lot\nJust that you're honest with me\nAnd my pride, is all I got\n[Chorus]\nI'm saying\nBaby, please have mercy on me\nTake it easy on my heart\nEven though you don't mean to hurt me\nYou keep tearing me apart\nWould you please have mercy on me?\nI'm a puppet on your strings\nAnd even though you got good intentions\nI need you to set me free\nWould you please have mercy, mercy on my heart?\nWould you please have mercy, mercy on my heart?\n\n[Bridge]\nConsuming all the air inside my lungs\nRipping all the skin from off my bones\nI'm prepared to sacrifice my life\nI would gladly do it twice\nConsuming all the air inside my lungs\nRipping all the skin from off my bones\nI'm prepared to sacrifice my life\nI would gladly do it twice\n\n[Chorus]\nOh, please have mercy on me\nTake it easy on my heart\nEven though you don't mean to hurt me\nYou keep tearing me apart\nWould you please have mercy on me?\nI'm a puppet on your string\nAnd even though you got good intentions\nI need you to set me free\nI'm begging you for mercy, mercy\nI'm begging you, begging you, please, baby\nI'm begging you for mercy, mercy\nOoh, I'm begging you, I'm begging you\n[Harmonizing Outro]""}"
Shawn Mendes,Handwritten,Stitches,3zkWCteF82vJwv0hRLba76,0.746,0.754,1,-6.684,0.0676,0.0152,0.0,0.0486,0.746,149.882,206880,4,Calm,"{'title': 'Shawn Mendes – Stitches Lyrics', 'lyrics': ""[Music Video]\n\n[Verse 1]\nI thought that I've been hurt before\nBut no one's ever left me quite this sore\nYour words cut deeper than a knife\nNow I need someone to breathe me back to life\n\n[Pre-Chorus]\nGot a feeling that I'm going under\nBut I know that I'll make it out alive\nIf I quit calling you my lover\nMove on\n\n[Chorus]\nYou watch me bleed until I can't breathe, shaking\nFalling onto my knees\nAnd now that I'm without your kisses\nI'll be needing stitches\nTripping over myself, aching\nBegging you to come help\nAnd now that I'm without your kisses\nI'll be needing stitches\n\n[Verse 2]\nJust like a moth drawn to a flame\nOh, you lured me in I couldn't sense the pain\nYour bitter heart, cold to the touch\nNow I'm gonna reap what I sow\nI'm left seeing red on my own\n\n[Pre-Chorus]\nGot a feeling that I'm going under\nBut I know that I'll make it out alive\nIf I quit calling you my lover\nMove on\n\n[Chorus]\nYou watch me bleed until I can't breathe, shaking\nFalling onto my knees\nAnd now that I'm without your kisses\nI'll be needing stitches\nTripping over myself, aching\nBegging you to come help\nAnd now that I'm without your kisses\nI'll be needing stitches\n\n[Bridge]\nNeedle and the thread, gotta get you out of my head\nNeedle and the thread, gonna wind up dead\nNeedle and the thread, gotta get you out of my head\nNeedle and the thread, gonna wind up dead\nNeedle and the thread, gotta get you out of my head\nNeedle and the thread, gonna wind up dead\nNeedle and the thread, gotta get you out of my head\nGet you out of my head\n\n[Chorus]\nYou watch me bleed until I can't breathe, shaking\nFalling onto my knees\nAnd now that I'm without your kisses\nI'll be needing stitches\nTripping over myself, aching\nBegging you to come help\nAnd now that I'm without your kisses\nI'll be needing stitches\n\n[Outro]\nNow that I'm without your kisses\nI'll be needing stitches\nNow that I'm without your kisses\nI'll be needing stitches""}"
Vance Joy,Dream Your Life Away,Riptide,7yq4Qj7cqayVTp3FF9CWbm,0.484,0.731,1,-6.694,0.0379,0.431,0.0,0.151,0.51,101.654,204280,4,Calm,"{'title': 'Vance Joy – Riptide Lyrics', 'lyrics': ""[Verse 1]\nI was scared of dentists and the dark\nI was scared of pretty girls and starting conversations\nOh, all my friends are turning green\nYou're the magician's assistant in their dream\n\n[Pre-Chorus]\nOh, oh-o-oh, and they come unstuck\n\n[Chorus]\nLady, running down to the riptide\nTaken away to the dark side\nI wanna be your left hand man\nI love you, when you're singing that song and\nI got a lump in my throat 'cause\nYou're gonna sing the words wrong\n\n[Verse 2]\nThere's this movie that I think you'll like\nThis guy decides to quit his job and heads to New York City\nThis cowboy's running from himself\nAnd she's been living on the highest shelf\n\n[Pre-Chorus]\nOh, oh-o-oh, and they come unstuck\n\n[Chorus]\nLady, running down to the riptide\nTaken away to the dark side\nI wanna be your left hand man\nI love you when you're singing that song and\nI got a lump in my throat 'cause\nYou're gonna sing the words wrong\n\n[Bridge]\nI just wanna, I just wanna know\nIf you're gonna, if you're gonna stay\nI just gotta, I just gotta know\nI can't have it, I can't have it, any other way\nI swear she's destined for the screen\nClosest thing to Michelle Pfeiffer that you've ever seen, oh\n\n[Chorus]\nLady, running down to the riptide\nTaken away to the dark side\nI wanna be your left hand man\nI love you, when you're singing that song and\nI got a lump in my throat 'cause\nYou're gonna sing the words wrong\n\nOh lady, running down to the riptide\nTaken away to the dark side\nI wanna be your left hand man\nI love you when you're singing that song and\nI got a lump in my throat 'cause\nYou're gonna sing the words wrong\n\nOh lady, running down to the riptide\nTaken away to the dark side\nI wanna be your left hand man\nI love you when you're singing that song and\nI got a lump in my throat 'cause\nYou're gonna sing the words wrong, yeah\nI got a lump in my throat 'cause\nYou're gonna sing the words wrong""}"
The Lumineers,Cleopatra,Ophelia,5NORWMFC27ywGSZxi8uquP,0.664,0.573,5,-6.519,0.0277,0.613,0.000363,0.0857,0.566,76.023,160097,4,Calm,"{'title': '\u200bThe Lumineers – Ophelia Lyrics', 'lyrics': ""[Verse 1]\nAh, ah, when I was younger\nI, I should've known better\nAnd I can't feel no remorse\nAnd you don't feel nothing back\n\n[Verse 2]\nI, I got a new girlfriend here\nFeels like he's on top\nAnd I don't feel no remorse\nAnd you can't see past my blindness\n\n[Chorus]\nOh, Ophelia\nYou've been on my mind, girl, since the flood\nOh, Ophelia\nHeaven help the fool who falls in love\n\n[Verse 3]\nI, I got a little paycheck\nYou got big plans and you gotta move (Whoo!)\nAnd I don't feel nothing at all\nAnd you can't feel nothing small\n\n[Pre-Chorus]\n“Honey, I love you”\nThat's all she wrote\n[Chorus]\nOh, Ophelia\nYou've been on my mind, girl, like a drug\nOh, Ophelia\nHeaven help the fool who falls in love\nOh, Ophelia\nYou've been on my mind, girl, since the flood\nOh, Ophelia\nHeaven help the fool who falls in love\nOh, Ophelia\nYou've been on my mind, girl, like a drug\nOh, Ophelia\nHeaven help the fool who falls in love""}"
BØRNS,Dopamine,Electric Love,2GiJYvgVaD2HtM8GqD9EgQ,0.611,0.797,6,-7.627,0.0533,0.00543,0.00137,0.26,0.518,120.041,218107,4,Calm,"{'title': 'BØRNS – Electric Love Lyrics', 'lyrics': '[Verse 1]\nCandy, she\'s sweet like candy in my veins\nBaby, I\'m dying for another taste\n\n[Pre-Chorus]\nAnd every night my mind is running around her\nThunder\'s getting louder and louder\n\n[Chorus]\nBaby, you\'re like lightning in a bottle\nI can\'t let you go now that I got it\nAnd all I need is to be struck\nBy your electric love (Ohh)\nBaby, your electric love (Ahh)\nElectric love\n\n[Verse 2]\nDrown me (Drown me), you make my heart beat like the rain\nSurround me, hold me deep beneath your waves\n(Oh)\n\n[Pre-Chorus]\nAnd every night my mind is running around her\nThunder\'s getting louder and louder and louder\n\n[Chorus]\nBaby, you\'re like lightning in a bottle\nI can\'t let you go now that I got it\nAnd all I need is to be struck\nBy your electric love (Ohh)\nBaby, your electric love (Ahh)\nElectric love\n\n[Bridge]\n(Ohh)\nRushing through me\nFeel your energy rushing through me\nFeel your energy rushing through me\n\n[Chorus]\nBaby, you\'re like lightning in a bottle\nI can\'t let you go now that I got it\nAnd all I need is to be struck by your electric love (Ohh)\nBaby, your electric love (Ahh)\nBaby, you\'re electric\n\n[Click here to learn more about the making of ""Electric Love""]'}"
Wallows,Nothing Happens,Are You Bored Yet? (feat. Clairo),57RA3JGafJm5zRtKJiKPIm,0.682,0.683,8,-6.444,0.0287,0.156,2.32e-05,0.273,0.64,120.023,178000,4,Calm,"{'title': 'Wallows – Are You Bored Yet? Lyrics', 'lyrics': '[Verse 1: Dylan Minnette with Clairo]\nWhat\'s wrong?\nYou\'ve been asking but I don\'t have an answer\nHow come?\nI\'m still thinking, let\'s pretend to fall asleep now\nWhen we get old, will we regret this?\nToo young to think about all that shit\nAnd stalling only goes so far when you\'ve got a head start\n\n[Chorus: Dylan Minnette with Clairo]\n\'Cause we could stay at home and watch the sunset\nBut I can\'t help from asking, ""Are you bored yet?""\nAnd if you\'re feeling lonely you should tell me\nBefore this ends up as another memory\nWill you tell the truth so I don\'t have to lie?\nWill you tell the truth so I don\'t have to lie?\n\n[Verse 2: Clairo]\nFeels like I\'ve known you my whole life\nI can see right through your lies\nI don\'t know where we\'re going\nBut I\'d like to be by your side\nIf you could tell me how you\'re feeling\nMaybe we\'d get through this undefeated\nHolding on for so long\n\n[Chorus: Dylan Minnette with Clairo]\n\'Cause we could stay at home and watch the sunset\nBut I can\'t help from asking, ""Are you bored yet?""\nAnd if you\'re feeling lonely you should tell me\nBefore this ends up as another memory\nWill you tell the truth so I don\'t have to lie?\nWill you tell the truth so I don\'t have to lie?'}"
Plain White T's,All That We Needed,Hey There Delilah,4RCWB3V8V0dignt99LZ8vH,0.656,0.291,2,-10.572,0.0293,0.872,0.0,0.114,0.298,103.971,232533,4,Calm,NaN
Hozier,Hozier,Take Me To Church,3dYD57lRAUcMHufyqn9GcI,0.566,0.664,4,-5.303,0.0464,0.634,0.0,0.116,0.437,128.945,241688,4,Calm,"{'title': 'Hozier – Take Me to Church Lyrics', 'lyrics': '[Produced by Hozier and Rob Kirwan]\n\n[Video directed by Brendan Canty and Conal Thomson]\n\n[Verse 1]\nMy lover\'s got humor\nShe\'s the giggle at a funeral\nKnows everybody\'s disapproval\nI should\'ve worshipped her sooner\nIf the heavens ever did speak\nShe\'s the last true mouthpiece\nEvery Sunday\'s getting more bleak\nA fresh poison each week\n""We were born sick""\nYou heard them say it\nMy church offers no absolutes\nShe tells me ""Worship in the bedroom""\nThe only Heaven I\'ll be sent to\nIs when I\'m alone with you\nI was born sick, but I love it\nCommand me to be well\n\n[Pre-Chorus]\nAaa, Amen, Amen, Amen\n\n[Chorus]\nTake me to church\nI\'ll worship like a dog at the shrine of your lies\nI\'ll tell you my sins and you can sharpen your knife\nOffer me that deathless death\nGood God, let me give you my life\nTake me to church\nI\'ll worship like a dog at the shrine of your lies\nI\'ll tell you my sins and you can sharpen your knife\nOffer me that deathless death\nGood God, let me give you my life\n[Verse 2]\nIf I\'m a pagan of the good times\nMy lover\'s the sunlight\nTo keep the goddess on my side\nShe demands a sacrifice\nDrain the whole sea\nGet something shiny\nSomething meaty for the main course\nThat\'s a fine looking high horse\nWhat you got in the stable?\nWe\'ve a lot of starving faithful\nThat looks tasty\nThat looks plenty\nThis is hungry work\n\n[Chorus]\nTake me to church\nI\'ll worship like a dog at the shrine of your lies\nI\'ll tell you my sins so you can sharpen your knife\nOffer me my deathless death\nGood God, let me give you my life\nTake me to church\nI\'ll worship like a dog at the shrine of your lies\nI\'ll tell you my sins so you can sharpen your knife\nOffer me my deathless death\nGood God, let me give you my life\n[Bridge]\nNo masters or kings when the ritual begins\nThere is no sweeter innocence than our gentle sin\nIn the madness and soil of that sad earthly scene\nOnly then I am human\nOnly then I am clean\n\n[Pre-Chorus]\nOh, oh Amen, Amen, Amen\n\n[Chorus]\nTake me to church\nI\'ll worship like a dog at the shrine of your lies\nI\'ll tell you my sins and you can sharpen your knife\nOffer me that deathless death\nGood God, let me give you my life\nTake me to church\nI\'ll worship like a dog at the shrine of your lies\nI\'ll tell you my sins and you can sharpen your knife\nOffer me that deathless death\nGood God, let me give you my life'}"
Train,"Save Me, San Francisco (Golden Gate Edition)","Hey, Soul Sister",4HlFJV71xXKIGcU3kRyttv,0.673,0.886,1,-4.44,0.0431,0.185,0.0,0.0826,0.795,97.012,216773,4,Calm,"{'title': 'Train – Hey, Soul Sister Lyrics', 'lyrics': ""[Intro]\nHeyy\nHe-e-e-e-ey\nHe-e-e-e-ey\n\n[Verse 1]\nYour lipstick stains\nOn the front lobe of my left-side brains\nI knew I wouldn't forget you\nAnd so I went and let you blow my mind\nYour sweet moonbeam\nThe smell of you in every single dream I dream\nI knew when we collided\nYou're the one I have decided who's one of my kind\n\n[Chorus]\nHey, soul sister\nAin't that Mr. Mister on the radio, stereo?\nThe way you move ain't fair, you know\nHey, soul sister\nI don't want to miss a single thing you do\nTonight\n\n[Interlude]\nHeyy\nHe-e-e-e-ey\nHe-e-e-e-ey\n[Verse 2]\nJust in time\nI'm so glad you have a one-track mind like me\nYou gave my life direction\nA game show love connection we can't deny\nI'm so obsessed\nMy heart is bound to beat right out my untrimmed chest\nI believe in you, like a virgin you're Madonna\nAnd I'm always gonna wanna blow your mind\n\n[Chorus]\nHey, soul sister\nAin't that Mr. Mister on the radio, stereo?\nThe way you move ain't fair, you know\nHey, soul sister\nI don't want to miss a single thing you do\nTonight\n\n[Bridge]\nThe way you can cut a rug\nWatching you's the only drug I need\nSo gangster, I'm so thug\nYou're the only one I'm dreaming of, you see\nI can be myself now finally\nIn fact there's nothing I can't be\nI want the world to see you be, with me\n[Chorus]\nHey, soul sister\nAin't that Mr. Mister on the radio, stereo?\nThe way you move ain't fair, you know\nHey, soul sister\nI don't want to miss a single thing you do tonight\nHey, soul sister\nI don't want to miss a single thing you do\nTonight\n\n[Outro]\nHeyy\nHe-e-e-e-ey\nHe-e-e-e-ey\nTonight\nHeyy\nHe-e-e-e-ey\nHe-e-e-e-ey\nTonight""}"
Claire Rosinkranz,Backyard Boy (Stripped),Backyard Boy,04F42oEuKrRComYJfJuyVR,0.817,0.635,5,-7.246,0.163,0.323,0.0,0.0738,0.454,138.015,129241,4,Calm,"{'title': 'Claire Rosinkranz – Backyard Boy Lyrics', 'lyrics': ""[Intro]\nFive, six, seven, eight\n\n[Verse 1]\nDance with me in my backyard boy\nLooking super fine in your corduroy\nDrive\u2005me\u2005around the block,\u2005we can go in a loop\nAnd\u2005we'll turn the volume up, on some good boy band tunes\n\n[Pre-Chorus]\nLove to feel the fresh air, I can feel your eyes stare\nAnd I'm not gonna lie, I get a little bit scared\nMy heart is on wings, I'm living in dreams\nAnd at the top of our lungs, we sing\n\n[Chorus]\n(Da-da-da-da-da-da-da)\n(Da-da-da-da-da)\nEverything is perfect\n(Da-da-da-da-da-da-da)\n(Da-da-da-da-da)\nAll our words were worth it\n(Da-da-da-da-da-da-da)\n(Da-da-da-da-da)\nDancin' around like a clown at the circus\n(Da-da-da-da-da-da-da)\n(Da-da-da-da-da)\nBackyard boy, you make me nervous\n[Verse 2]\nDance with me in my backyard boy\nLooking super fine in your corduroy (Five, six, seven, eight)\nRoll the windows down, let the bass drop low\nAnd everybody's talking, but I don't wanna know\n\n[Pre-Chorus]\nFeel the fresh air, I can feel your eyes stare\nAnd I'm not gonna lie, I get a little bit scared\nMy heart is on wings, I'm living in dreams\nAnd at the top of our lungs, we sing\n\n[Chorus]\n(Da-da-da-da-da-da-da)\n(Da-da-da-da-da)\nEverything is perfect\n(Da-da-da-da-da-da-da)\n(Da-da-da-da-da)\nAll our words were worth it\n(Da-da-da-da-da-da-da)\n(Da-da-da-da-da)\nDancin' around like a clown at the circus\n(Da-da-da-da-da-da-da)\n(Da-da-da-da-da)\nBackyard boy, you make me nervous\n[Outro]\nRight now?""}"
Peach Tree Rascals,Mariposa,Mariposa,4ja2gzrNh9VNigzoXfmbwD,0.676,0.525,9,-5.88,0.028,0.617,0.0,0.356,0.421,112.011,210000,4,Calm,"{'title': 'Peach Tree Rascals – Mariposa Lyrics', 'lyrics': ""[Chorus: Joseph]\nI can't wait for you to come my way\nI've been far away\nBut I'll keep running\nJust\u2005to\u2005find a way\u2005to you till then\n\n[Verse 1: Tarrek]\nI've been running\u2005from it\nTired of running from it\nScared of feeling something\nNow I'm stuck here tryna get up outta this hole\nI tried to be strong\nI tried to make it work but I've been feeling too numb\nSkies are beating on me\nWhy'd you leave me lonely?\nFeeling Whitney, Stoney\nNow I'm stuck here wondering where I ever went wrong\nHow could I be strong?\nI'm fighting for your love\n\n[Chorus: Joseph]\nI can't wait for you to come my way\nI've been far away\nBut I'll keep running\nJust to find a way to you till then\n[Verse 2: Issac]\nI don't see light in your love anymore\nThere ain't no reason to call in a fall\nI don't like feelings or feeling like running from something\nAnd feeling so out of control\nI know that the feelings are gone\nI'm spending too much time alone\nI'm hoping you pick up the phone\nAnd ring me when you wanna stay overnight\nMy shoulder's right\nMy baby's all that I want\nAnd I play them, all of my favourite songs\nThat lady is my favourite one\n\n[Chorus: Joseph]\nI can't wait for you to come my way\nI've been far away\nBut I'll keep running\nJust to find a way to you till then\n\n[Bridge: Joseph]\nAin't never gonna let you go\nGot my heart NASCAR racing\nShine ain't never fading\nHe just left you hanging\nFiending for your love\nAll worth it for the waiting\nGive you what you need\nTake you where you want\nCan't feel it when we're all alone\nKnow you're wanting something more\nMy heart is like an open door\nJust ring me when you wanna go\n[Break: Joseph]\nI'll wait till you're home\nHold a place till you're coming home\nShow you where the garden grows\nJust ring me when you wanna go\n\n[Chorus: Joseph]\nI can't wait for you to come my way\nI've been far away\nBut I'll keep running\nJust to find a way to you till then""}"
khai dreams,Now and Then,Sunkissed,1tD8J13a74q8fBqXwAP50j,0.766,0.354,6,-9.486,0.0543,0.595,0.0,0.381,0.792,153.902,126464,4,Calm,"{'title': '\u200b\u200bkhai \u200b\u200bdreams – Sunkissed Lyrics', 'lyrics': ""[Intro]\nSo slowly a sunlit dream pulls me out of sleep\nFeel the morning through the blinds\nI\u2005get\u2005to thinking 'bout\u2005your sunkissed face\nAnd a quiet place\u2005I could give you all my time\n\n[Verse 1]\nYou know I wanna be your rock, my love\nYou know I wanna be your light\nIn darkness how you find me just in time\nTo tell me what I needed to hear\nSo if you don't know what you need\nYou can leave it all to me\nDon't want you worried about a thing\nI know you'd do the same for me\n\n[Chorus]\n'Cause you're so lovely\nYou're so lovely\nI can't help but fall for you‚ love\nWhen you love me\nIt's so lovely loving you\nOh-oh‚ oh-oh\nSo lovely loving you\nOh-oh‚ oh-oh\n[Verse 2]\nSo softly a tender breeze brush against my knees on a summer afternoon\nI get to thinking 'bout the hazy days\nUnder August shade that I used to spend with you\nI didn't realize it was all I wanted, what I had\nMy riddled heart I had to cradle back together just to see\nIt's all like magic to me\nYou do magic, baby\n\n[Chorus]\nWhen you love me\nYou're so lovely\nI can't help but fall for you‚ love\nWhen you love me\nIt's so lovely loving you\nOh-oh, oh-oh\nSo lovely loving you\nOh-oh, oh-oh\n\n[Outro]\nSo slowly a sunlit dream pulls me out of sleep\nFeel the morning through the blinds\nI turn my head to meet your sunkissed face\nIn this quiet place I can give you all my time""}"
JVKE,Upside Down,Upside Down,5TpvLkESnw1g9wDz52efeO,0.88,0.501,2,-6.774,0.062,0.0494,0.0695,0.436,0.459,120.038,114500,4,Calm,"{'title': 'JVKE – Upside Down Lyrics', 'lyrics': '[Pre-Chorus: JVKE, KBFR]\nDown south, hood baby (Hood baby)\nMake all the girls go crazy (Ah)\nGo (Go)\nGo (Go)\nGo stupid\nBut you smart like an A-plus student\n\n[Chorus: JVKE]\nUp, down, right, down\nLooking for your love right now\nLa-la-la-la\nUp, down, all around\nTurn my stomach upside down\nLa-la-la-la\n\n[Verse: JVKE]\nI found your hair-tie in my car\nI could only drive so far without a breakdown (Ah)\nBaby, you’re the queen of hearts\nYou know how to play your cards, you keep ‘em face-down (Ah)\nOoh, I miss your face now\nLookin’ at your pictures, scrollin’ way down (Ah)\nWishing I could fix all my mistakes\nI wish I could erase you\nGirl, I can’t replace\nYou’re the one that got away (Ooh)\n[Bridge: JVKE]\nGirl, your energy\nFeels so heavenly\nMake me feel like\nLa-la-la-la\nYou a melody\nPut to memory\nIt goes something like\nLa-la-la-la\n\n[Pre-Chorus: JVKE, KBFR]\nDown south, hood baby (Hood baby)\nMake all the girls go crazy (Ah)\nGo (Go)\nGo (Go)\nGo stupid\nBut you smart like an A-plus student\n\n[Chorus: JVKE]\nUp, down, right, down\nLooking for your love right now\nLa-la-la-la\nUp, down, all around\nTurn my stomach upside down\nLa-la-la-la\n[Outro: JVKE]\nGirl, your energy\nFeels so heavenly\nMake me feel like\nLa-la-la-la\nYou a melody\nPut to memory\nIt goes something like\nLa-la-la-la'}"
Clairo,Immunity,Sofia,7B3z0ySL9Rr0XvZEAjWZzM,0.744,0.619,0,-9.805,0.039,0.598,0.00372,0.231,0.641,112.997,188387,4,Calm,"{'title': 'Clairo – Sofia Lyrics', 'lyrics': ""[Chorus]\nI think we could do it if we tried\nIf only to say you're mine\nSofia, know that you and I\nShouldn't feel like a crime\nI think we could do it if we tried\nIf only to say you're mine\nSofia, know that you and I\nShouldn't feel like a crime\n\n[Verse 1]\nYou know I'll do anything you ask me to\nBut, oh my God, I think I'm in love with you\nStanding here alone now\nThink that we can drive around\nI just wanna say\nHow I love you with your hair down\nBaby, you don't gotta fight\nI'll be here 'til the end of time\nWishing that you were mine\nPull you in, it's alright\n\n[Chorus]\nI think we could do it if we tried\nIf only to say you're mine\nSofia, know that you and I\nShouldn't feel like a crime\n[Verse 2]\nHoney, I don't want it to fade\nThere's things that I know could get in the way\nI don't want to say goodbye\nAnd I think that we could do it if we tried\n\n[Chorus]\nI think we could do it if we tried\nIf only to say you're mine\nSofia, know that you and I\nShouldn't feel like a crime\n\n[Outro]\nI think we could do it if we tried\n(I think we could, I think we could do it\nWe could, we could, do it)\nI think we could do it if we tried\n(Sofia, know that you, you, you and I\nShouldn't feel like a crime)\nI think we could do it if we tried\n(Sofia, know that you and I\nShouldn't feel like a crime)\nI think we could do it if we tried\n(Sofia, know that you, you, you and I\nShouldn't feel like a crime)\nI think we could do it if we tried""}"
Sista Prod,"Eyes Blue Like The Atlantic, Pt. 2 (feat. Powfu, Alec Benjamin & Rxseboy)","Eyes Blue Like The Atlantic, Pt. 2 (feat. Powfu, Alec Benjamin & Rxseboy)",1eCTQhsNA31FcwyNcJcf86,0.702,0.616,6,-4.903,0.326,0.686,0.0,0.145,0.507,80.482,156188,4,Calm,"{'title': 'Sista_Prod – Eyes Blue Like The Atlantic, Pt. 2 Lyrics', 'lyrics': ""[Chorus: Subvrbs]\nEyes blue, like the Atlantic\nAnd I'm going down, like the Titanic\nEyes blue, like the Atlantic\nAnd I'm going down, go-going down\n\n[Verse 1: Rxseboy]\nI'm going down 'cause I was down for you\nLookin' like a clown for you\nSurround sound speakers shook the ground while he was pounding you\nAnd that's a lot to take in\nI heard the noise through the door, I had to break in\nShock up on your faces, both of you were naked\nMultiple occasions, y'all were getting busy while I'm busy at my day shift\nYou kept the brief, cases, situation tasteless, even hooked up with a dude whilе you were jamming to my playlist\nWow, hey Alexa, I'ma off 'em\nOr maybe run away because I'm sick of all the problems\nGoing down and I can't even see the bottom, but I promise I'ma find it once I finish up this bottle\n\n[Chorus: Subvrbs]\nEyes blue, like the Atlantic\nAnd I'm going down, like the Titanic\nEyes blue, like the Atlantic\nAnd I'm going down, go-going down\nEyes blue, like the Atlantic\nAnd I'm going down, like the Titanic\nEyes blue, like the Atlantic\nAnd I'm going down, go-going down\n\n[Verse 2: Powfu]\nYeah, I'm still going down, I'll be falling for a long time\nEyes so innocent, I didn't know you had a bad side\nYeah, it's kinda weird, these emotions all attacking me\nI don't want the answer, but how long this been happening?\nDeep down, see the sea ground, I'm getting close\nI don't wanna sit and whine, we already toast\nI love this show, but I won't see the second season\nIt won't be the same with my favorite person leaving\n\n[Chorus: Subvrbs; Alec Benjamin & Powfu]\nEyes blue, like the Atlantic\nAnd I'm going down, like the Titanic\nEyes blue, like the Atlantic\nAnd I'm going down, go-going down\n\n[Verse 3: Alec Benjamin]\nAnd so the story goes, love grows and then it gets cut down\nThen crumbles like a rose and decomposes in the ground\nIt's tragic I suppose, like dominoes how it goes down\nThe teardrops on the clothes, the beer knocked all over the ground\nBut fear not, there's no fear my dear, 'cause here it all works out\nThe clothes will dry, the tears will disappear, and from the ground\nA rose will rise, and from the skies the sun will break the clouds\nA rose will rise and blue skies will surround\n\n[Chorus: Alec Benjamin; Powfu & Subvrbs]\nEyes blue, like the Atlantic\nAnd I'm going down, like the Titanic\nEyes blue, like the Atlantic\nAnd I'm going down, g-going down\n\n[Outro: Powfu; Rxseboy]\nEyes blue, I'm still going down now\nGoing down, I'm still falling down\nGoing down and I can't even see the bottom\nEye's blue, I'm still going down now\nGoing down""}"
Powfu,some boring love stories pt 5,stay4ever (feat. Mounika.),2h0FPaYBXNaBNh50W8m3Hc,0.387,0.375,3,-9.172,0.273,0.822,0.000154,0.109,0.418,73.045,140720,4,Calm,"{'title': 'Powfu – \u200bstay4ever Lyrics', 'lyrics': '[Chorus: Powfu & Mounika.]\nSee your scars\nI know just how it feels\nLeft abandoned by what you thought was real\nIt\'s okay if you don\'t win every fight\nAll the darkness only comes in the night\nBut I\'ll be here forever\n\n[Verse 1: Powfu]\nI think about you all the time, throughout my daily routines\nYou might think you\'re nothing special but you\'re special to me\nYeah, I hate it when I see you always put yourself down\nPlease don\'t worry if you lost there\'s always a way out\nI know it\'s easy for me to say, I\'m not in the same spot\nBut I\'ll stay with you forever, we can stare at the clock\nLet\'s have a party for two until our eyelids close\nI\'ma ask you to dance and I ain\'t taking a ""no""\n\n[Chorus: Powfu, Powfu & Mounika.]\nSee your scars\nI know just how it feels\nLeft abandoned by what you thought was real\nIt\'s okay if you don\'t win every fight\nAll the darkness only comes in the night\nBut I\'ll be here forever\n[Verse 2: Powfu]\nI know that you\'re lonely\nOnly if you knew how much I care\nFriends have never showed you love\nPromise I\'ma show you some\nYeah, people change but I won\'t leave this path\nYou\'re the girl in my heart, you\'re the X on the map, yeah\nCome inside, it\'s too cold for an angel\nTake things slow, won\'t move \'til you\'re stable\nLike you a lot, but I\'ll keep that a secret\nI\'ll kill the ghost that is in your dreams\n\n[Outro: Mounika.]\nSee your scars\nI know just how it feels\nLeft abandoned by what you thought was real'}"
Lyn Lapid,Producer Man,Producer Man,5BArc3UpONi77FMkNT4LYU,0.66,0.639,10,-5.364,0.223,0.129,0.0,0.256,0.75,173.994,141673,4,Calm,"{'title': 'Lyn Lapid – Producer Man Lyrics', 'lyrics': '[Verse 1]\nShe was only seventeen\nWhen producer man came offering that\nAll her dreams would come true\nHe said,\u2005""Come\u2005here, sweetie, I\u2005can make you a star!""\n""I just\u2005want to see you flourish, and I know you\'ll make\u205fit\u205ffar""\nWhat\u205fshe couldn\'t see\u205fwas he was\u205fin it for the money (Ah-ah-ahh)\n\n[Chorus]\nMoney, ah-ah-ahh\nMoney, money\nMoney, ah-ah-ahh\nMoney, money\n\n[Verse 2]\nGot the girl to move to L.A\nGot the paperwork so she could sign her life away\nAnd it was in his plan to work her \'til he got his pay, ay-ay-ayy\nHe said, ""Sign right here,"" and sign she did\nHe knew that she was too young to know what she wanted\nAnd now she\'s in the hands of good old producer man\n\n[Chorus]\nMoney, ah-ah-ahh\nMoney, money\nMoney, money\nMoney, money\n\n[Verse 3]\nKnew his way to get the girl to listen\nMade her into someone she isn\'t\nGotta listen well, only matters how you\'ll sell (Sell, sell)\n""Sweetie, this was part of the deal\nWhat you thought was fake, hun, the money is real""\nIt was too late now, caught herself with no way out (Ah-ah-ahh)\n\n[Chorus]\nMoney, ah-ah-ahh\nMoney, money\nMoney, money\nMoney, money\n\n[Bridge]\nI am your only chance\nAnd you know you want it bad\nI\'ll make you a deal you can\'t refuse\nA deal you\'ll never lose\nI am your only chance\nAnd you know you want it bad\nI\'ll make you a deal you can\'t refuse\nA deal you\'ll never lose\n\n[Outro]\nSign on the line, \'cause you\'re running out of time\nThose who have a chance will trust in Producer Man'}"
Coyote Theory,Color,This Side of Paradise,79EkGysjP2dL5GdpeQjRxT,0.306,0.664,9,-6.07,0.0276,0.432,7.5e-06,0.135,0.321,158.283,242010,4,Calm,"{'title': 'Coyote Theory – This Side Of Paradise Lyrics', 'lyrics': ""[Verse 1]\nAsk me why my heart's inside my throat\nI've never been in love, I've been alone\nFeel like I've been living life asleep\nLove so strong it makes me feel so weak\n\n[Chorus]\nAre you lonely? (Are you lonely?)\nOur fingers dancing when they meet\nYou seem so lonely (Are you lonely?)\nI'll be the only dream you seek\nSo if you're lonely, no need to show me\nIf you're lonely come be lonely with me\n\n[Post-Chorus]\nLonely (Are you lonely?)\nPassion is crashing as we speak\nYou seem so lonely (Are you lonely?)\nYou're the ground my feet won't reach\nSo if you're lonely\nDarling, you're glowing\nIf you're lonely, come be lonely with me\n\n[Verse 2]\nUnderneath the pale moonlight\nDreaming of a circus life\nCarousels and Ferris heights\nI'll be yours if you'll be mine\n\n[Chorus]\n'Cause I'm lonely, I'm so lonely\nIf you hold me, I'll be your only\nAre you lonely? (Are you lonely?)\nOur fingers dancing when they meet\nYou seem so lonely (Are you lonely?)\nI'll be the only dream you seek\nSo if you're lonely, no need to show me\nIf you're lonely, come be lonely with me\n\n[Post-Chorus]\nAre you lonely?\nPassion is crashing as we speak\nYou seem so lonely\nYou're the ground my feet won't reach\nSo if you're lonely\nDarling, you're glowing\nIf you're lonely, come be lonely with me""}"
One Direction,Take Me Home (Expanded Edition),Magic,7gY8FAYu5zuOzmPBlOec3L,0.643,0.852,11,-3.763,0.0427,0.0112,0.0,0.0749,0.863,134.024,184000,4,Calm,"{'title': 'One Direction – Magic Lyrics', 'lyrics': ""[Verse 1: Harry & All]\nBaby, c'mon over, I don't care if people find out\nDada dadada da da da da\nThey say that we're no good together and it's never gonna work out\nDada dadada da da da da\n\n[Pre-Chorus: Liam & All]\nBut baby you got me moving too fast 'cause I know you wanna be bad\nAnd girl when you're looking like that, dada dadada\nI can't hold back\n\n[Chorus: All]\n'Cause you, you've got this spell on me, I don't know what to believe\nKiss you once now I can't leave\n'Cause everything you do is magic\nBut everything you do is magic\n\n[Verse 2: Zayn & All]\nSo let them take the pictures, spread it all around the world now\nDada dadada da da da da\nI wanna put it on my record, I want everyone to know now\nDada dadada da da da da\n\n[Pre-Chorus: Liam & All]\nBut baby you got me moving too fast 'cause I know you want to be bad\nAnd girl when you're looking like that, dada dadada\nI can't hold back\n\n[Chorus: All]\n'Cause you, you've got this spell on me, I don't know what to believe\nKiss you once now I can't leave\n'Cause everything you do is magic\nBut everything you do is magic\nOh oh oh oh oh\nOh oh oh oh oh\nOh oh oh oh oh\nEverything you do is magic\n\n[Bridge: Liam & Louis & All]\nThey say that we're no good together and it's never gonna work out\nI wanna put it on my record, I want everyone to know now\nEverything you do is magic (Oh oh oh oh oh)\nEverything you do is magic (Oh oh oh oh oh)\nEverything you do is magic (Oh oh oh oh oh)\nEverything you do is magic\n\n[Chorus: All]\n'Cause you, you've got this spell on me, I don't know what to believe\nKiss you once now I can't leave\n'Cause everything you do is magic\nBut everything you do is magic\nOh oh oh oh oh, oh oh oh oh oh\n(C'mon) Kiss you once now I can't leave\n'Cause everything you do is magic\nBut everything you do is magic\nDada dadada da da da da""}"
Alec Benjamin,Narrated For You,Water Fountain,4IhKLu7Vk3j2TLmnFPl6To,0.723,0.504,8,-5.572,0.0392,0.388,7.4e-05,0.087,0.551,133.975,218893,4,Calm,"{'title': 'Alec Benjamin – Water Fountain Lyrics', 'lyrics': ""[Verse 1]\nShe told me that she loved me by the water fountain\nShe told me that she loved me and she didn't love him\nAnd that was really lovely 'cause it was innocent\nBut now she's got a cup with something else in it\nIt's getting kind of blurry at a quarter past ten\nAnd he was in a hurry to be touching her skin\nShe's feeling kind of dirty when she's dancing with him\nForgetting what she told me by the water fountain\n\n[Pre-Chorus]\nNow he's grabbing her hips, and pulling her in\nKissing her lips, and whispering in her ear\nAnd she knows that she shouldn't listen\nAnd that she should be with me by the water fountain\n\n[Chorus]\nShe couldn't be at home in the night time because\nIt made her feel alone, but at that time she was too young\nI was too young\nI should've built a home with a fountain for us\nThe moment that she told me that she was in love\nToo young, I was too young\nToo young, too young, too young, young\n\n[Verse 2]\nAnd if she ever goes back to the water fountain\nThe handle will be broken and the rust set in\nBut my hand, it will be open and I'll try to fix it\nMy heart, it will be open and I'll try to give it\n[Pre-Chorus]\nNow I'm grabbing her hips, and pulling her in\nKissing her lips, and whispering in her ear\nAnd I know that it's only a wish\nAnd that we're not standing by the water fountain\nToo young, too young, too young, young\n\n[Chorus]\nShe couldn't be at home in the night time\nBecause it made her feel alone\nBut at that time she was too young\nI was too young\nI should've built a home with a fountain for us\nThe moment that she told me that she was in love\nToo young, I was too young\nToo young, too young, too young, young\n\n[Outro]\n(Too young) I should've built a home with a fountain for us\n(Too young) The moment that she told me that she was in love\n(Too young) Too young\n(Young) I was too young""}"
Alec Benjamin,Narrated For You,If I Killed Someone For You,0WHi11uzahqpEtPGYCW6oQ,0.514,0.605,7,-5.363,0.0337,0.774,2.91e-06,0.121,0.409,120.894,185123,4,Calm,NaN
Alec Benjamin,Narrated For You,Boy In The Bubble,60cYr5uuMoxvyuIx45rGEW,0.817,0.578,11,-7.579,0.0824,0.224,0.00103,0.251,0.851,143.982,181705,4,Calm,"{'title': 'Alec Benjamin – Boy In The Bubble Lyrics', 'lyrics': '[Verse 1]\nIt was 6:48, I was walking home\nStepped through the gate, and I\'m all alone\nI had chicken on the plate, but the food was cold\nThen I covered up my face so that no one knows\nI didn\'t want trouble, I\'m the boy in the bubble\nBut then came trouble\nWhen my mom walked into the living room\nShe said, ""Boy, you gotta tell me what they did to you""\nI said, ""You don\'t wanna know the things I had to do""\nShe said, ""Son, you gotta tell me why you\'re black and blue""\nI said I didn\'t want trouble, I\'m the boy in the bubble\nBut then came trouble\n\n[Pre-Chorus]\nAnd my heart was pumping, chest was screaming\nMind was running, air was freezing\nPut my hands up, put my hands up\nI told this kid I\'m ready for a fight\n\n[Chorus]\nPunch my face, do it \'cause I like the pain\nEvery time you curse my name\nI know you want the satisfaction, it\'s not gonna happen\nKnock me out, kick me when I\'m on the ground\nIt\'s only gonna let you down\nCome the lightning and the thunder\nYou\'re the one who\'ll suffer, suffer\n\n[Verse 2]\nWell, I squared him up, left my chest exposed\nHe threw a quick left hook and it broke my nose\nI had thick red blood running down my clothes\nAnd a sick, sick look \'cause I like it though\nI said I didn\'t want trouble, I\'m the boy in the bubble\nBut then came trouble\n\n[Pre-Chorus]\nAnd my heart was pumping, chest was screaming\nMind was running, nose was bleeding\nPut my hands up, put my hands up\nI told this kid I\'m ready for a fight\n\n[Chorus]\nPunch my face, do it \'cause I like the pain\nEvery time you curse my name\nI know you want the satisfaction, it\'s not gonna happen\nKnock me out, kick me when I\'m on the ground\nIt\'s only gonna let you down\nCome the lightning and the thunder\nYou\'re the one who\'ll suffer\n\n[Verse 3]\nIt was 6:48, he was walking home\nWith the blood on his hands from my broken nose\nBut like every other day, he was scared to go\nBack to his house \'cause his pops was home\nDrowning his troubles in whiskey bubbles\nJust looking for trouble\nWell, there\'s no excuse for the things he did\nBut there\'s a lot at home that he\'s dealing with\nBecause his dad\'s been drunk since he was a kid\nAnd I hope one day that he\'ll say to him\n""Put down those bubbles and that belt buckle\nIn this broken bubble""\n\n[Chorus]\nPunch my face, do it \'cause I like the pain\nEvery time you curse my name\nI know you want the satisfaction, it\'s not gonna happen\nKnock me out, kick me when I\'m on the ground\nIt\'s only gonna let you down\nCome the lightning and the thunder\nYou\'re the one who\'ll suffer, suffer'}"
Alec Benjamin,Narrated For You,Outrunning Karma,2W0AJEbIC2vdZTV2nVSAsg,0.416,0.649,11,-5.271,0.0385,0.655,2.82e-06,0.12,0.474,112.482,188851,3,Calm,"{'title': 'Alec Benjamin – Outrunning Karma Lyrics', 'lyrics': ""[Verse 1]\nOutrunning karma\nThat boy, he's such a charmer\nAll the bugs and their larva\nFollow him out to Colorado\nTen dozen hearts in a bag\nTheir bodies lying\nHe'll drag them down to Colorado\nA modern desperado\n\n[Pre-Chorus]\nAnd he'll race for miles through the night\nHe runs because he knows he cannot hide\n\n[Chorus]\nHe's never gonna make it\nAll the poor people he's forsaken\nKarma is always gonna chase him for his lies\nIt's just a game of waiting\nFrom the church steeple down to Satan\nKarma, there's really no escape until he dies\n\n[Verse 2]\nOutrunning karma\nThat boy can't run no farther\nIt's the last days of Sparta\nFollow him down to meet Apollo\n\n[Pre-Chorus]\nAnd he'll brace for battle in the night\nHe'll fight because he knows he cannot hide\n\n[Chorus]\nHe's never gonna make it\nAll the poor people he's forsaken\nKarma is always gonna chase him for his lies\nIt's just a game of waiting\nFrom the church steeple down to Satan\nKarma, there's really no escape until he dies\n\n[Bridge]\nLa-la-la-la-la\nLa-la-la-la-la\nLa-la-la-la-la\nLa-la\nLa-la-la-la-la\nLa-la-la-la-la\nLa-la-la-la-la\nLa-la\n\n[Chorus]\nHe's never gonna make it\nAll the poor people he's forsaken\nKarma is always gonna chase him for his lies\nIt's just a game of waiting\nFrom the church steeple down to Satan\nKarma, there's really no escape until he dies\n\n[Outro]\nLa-la-la-la-la\nLa-la-la-la-la\nLa-la-la-la-la\nLa-la""}"
Alec Benjamin,Narrated For You,Gotta Be A Reason,0IrtQ83z9jylZaLEJK2eoy,0.771,0.518,4,-7.582,0.0404,0.806,2.48e-05,0.104,0.277,79.997,210354,4,Calm,"{'title': 'Alec Benjamin – Gotta Be A Reason Lyrics', 'lyrics': ""[Chorus]\nThere's gotta be a reason that I'm here on Earth\nGotta be a reason for the dust and the dirt\nThe changing of the seasons never changed my hurt\nSo what's it worth? What's it worth?\nWorth another shot of whiskey and another sip of gin\nAnother drop of poison that is slowly sinking in\nIf we're going down together, better take another hit\nWe won't be here forever, so let's make the best of it\n\n[Post-Chorus]\nOoh, ooh, ooh\nOoh-ooh-ooh, ooh, ooh, ooh\nOoh, ooh, ooh\nOoh-ooh-ooh, ooh, ooh, ooh\n\n[Verse 1]\nWalking down to the burial ground\nWith a sad song in his brain\nGeneral Cloud is an old man now\nBut it feels like yesterday\nHe was on the front lines, stranded on the beach\nCrawling to his best friend, floating in the sea\nBut he didn't make it, he still can't believe\nHow arbitrary fate is, he says\n\n[Chorus]\nThere's gotta be a reason that I'm here on Earth\nGotta be a reason for the dust and the dirt\nThe changing of the seasons never changed my hurt\nSo what's it worth? What's it worth?\nWorth another shot of whiskey and another sip of gin\nAnother drop of poison that is slowly sinking in\nIf we're going down together, better take another hit\nWe won't be here forever, so let's make the best of it\n\n[Post-Chorus]\nOoh, ooh, ooh\nOoh-ooh-ooh, ooh, ooh, ooh\nOoh, ooh, ooh\nOoh-ooh-ooh, ooh, ooh, ooh\n\n[Verse 2]\nShe went down to her job in town\nWith a sad song in her heart\n33 with a wasted dream to become a movie star\nLiving out a suitcase, serving at a bar\nSaving up some pennies, working after dark\nIs she gonna make it? She still can't believe\nHow arbitrary fate is, she says\n\n[Chorus]\nThere's gotta be a reason that I'm here on Earth\nGotta be a reason for the dust and the dirt\nThe changing of the seasons never changed my hurt\nSo what's it worth? What's it worth?\nWorth another shot of whiskey and another sip of gin\nAnother drop of poison that is slowly sinking in\nIf we're going down together, better take another hit\nWe won't be here forever, so let's make the best of it\n\n[Post-Chorus]\nOoh, ooh, ooh\nOoh-ooh-ooh, ooh, ooh, ooh\nOoh, ooh, ooh\nOoh-ooh-ooh, ooh, ooh, ooh\n\n[Chorus]\nThere's gotta be a reason that I'm here on Earth\nGotta be a reason for the dust and the dirt\nThe changing of the seasons never changed my hurt\nSo what's it worth? What's it worth?\nWorth another shot of whiskey and another sip of gin\nAnother drop of poison that is slowly sinking in\nIf we're going down together, better take another hit\nWe won't be here forever, so let's make the best of it\n\n[Post-Chorus]\nOoh, ooh, ooh\nOoh-ooh-ooh, ooh, ooh, ooh\nOoh, ooh, ooh\nOoh-ooh-ooh, ooh, ooh, ooh""}"
Au/Ra,Panic Room,Panic Room,7uUahoeqGNRMbpdeiLj1rS,0.495,0.426,8,-9.434,0.0736,0.152,5.65e-06,0.099,0.0636,97.91,237773,4,Calm,"{'title': 'Au/Ra – Panic Room Lyrics', 'lyrics': ""[Intro]\nWelcome to the—, welcome to the—\nWelcome to the—, welcome to the—\n\n[Verse 1]\nHell raising, hair raising\nI'm ready for the worst\nSo frightening, face whitening\nFear that you can't reverse\n\n[Pre-Chorus]\nMy phone has no signal\nIt's making my skin crawl\nThe silence is so loud\nThe lights spark and flicker\nWith monsters much bigger\nThan I can control now\n\n[Chorus]\nWelcome to the panic room\nWhere all your darkest fears are gonna\nCome for you, come for you\nWelcome to the panic room\nYou'll know I wasn't joking\nWhen you see them too, see them too\n\n[Post-Chorus]\nWelcome to the panic room\nWelcome to the—, welcome to the—\nWelcome to the—, welcome to the—\n\n[Verse 2]\nStill waiting, hands shaking\nMaybe the coast will clear\nBut these voices, these strange noises\nThey followed me in here\n\n[Pre-Chorus]\nMy phone has no signal\nIt's making my skin crawl\nThe silence is so loud\nThe lights spark and flicker\nWith monsters much bigger\nThan I can control now\n\n[Chorus]\nWelcome to the panic room\nWhere all your darkest fears are gonna\nCome for you, come for you\nWelcome to the panic room\nYou'll know I wasn't joking\nWhen you see them too, see them too\n\n[Post-Chorus]\nWelcome to the panic room\nWelcome to the—, welcome to the—\n\n[Bridge]\nThere's no cryin' wolves now\n'Cause the truth has settled in\nHiding under goose down\nFor your nightmare to begin\nThere's no crying wolves now\nWelcome to the—, welcome to the—\n'Cause the truth has settled in\nWelcome to the—, welcome to the—\nHiding under goose down\nWelcome to the—, welcome to the—\nFor your nightmare to begin\nWelcome to the—, welcome to the—\n\n[Chorus]\nWelcome to the panic room\nWhere all your darkest fears are gonna\nCome for you, come for you\nWelcome to the panic room\nYou'll know I wasn't joking\nWhen you see them too, see them too\n\n[Outro]\nHell raising, hair raising\nI'm ready for the worst""}"
BANNERS,Where The Shadow Ends,Someone To You,2f0pn9DkEJwAzXApnFh5cr,0.52,0.903,2,-5.497,0.042,0.00517,0.0,0.254,0.652,74.988,219801,4,Calm,"{'title': 'BANNERS – Someone To You Lyrics', 'lyrics': ""[Verse 1]\nI don't wanna die or fade away\nI just wanna be someone\nI just wanna be someone\nDive and disappear without a trace\nI just wanna be someone\nWell, doesn't everyone?\nAnd if you feel the great dividing\nI wanna be the one you're guiding\n'Cause I believe that you could lead the way\n\n[Pre-Chorus]\nI just wanna be somebody to someone, oh\nI wanna be somebody to someone, oh\nI never had nobody and no road home\nI wanna be somebody to someone\n\n[Chorus]\nAnd if the sun starts setting, the sky goes cold\nThen if the clouds get heavy and start to fall\nI really need somebody to call my own\nI wanna be somebody to someone\nSomeone to you\nSomeone to you\nSomeone to you\nSomeone to you (Someone to you)\n[Verse 2]\nI don't even need to change the world (Change, change the world)\nI'll make the moon shine just for your view\nI'll make the starlight circle the room (Circle the room)\nAnd if you feel like night is falling\nI wanna be the one you're calling\n'Cause I believe that you could lead the way\n\n[Pre-Chorus]\nI just wanna be somebody to someone, oh\nI wanna be somebody to someone, oh\nI never had nobody and no road home\nI wanna be somebody to someone\n\n[Chorus]\nAnd if the sun starts setting, the sky goes cold\nThen if the clouds get heavy and start to fall\nI really need somebody to call my own\nI wanna be somebody to someone\nSomeone to you\nSomeone to you\nSomeone to you\nSomeone to you\n\n[Bridge]\nThe kingdom come, the rise, the fall\nThe setting sun above it all\nI just wanna be somebody to you\n[Pre-Chorus]\nI just wanna be somebody to someone, oh\nI wanna be somebody to someone, oh\nI never had nobody and no road home\nI wanna be somebody to someone\n\n[Chorus]\nAnd if the sun starts setting, the sky goes cold\nThen if the clouds get heavy and start to fall\nI really need somebody to call my own\nI wanna be somebody to someone\nSomeone to you\nSomeone to you\nSomeone to you\nSomeone to you\n\n[Outro]\nSomeone to you""}"
Ashe,Moral of the Story (feat. Niall Horan),Moral of the Story (feat. Niall Horan),2NWVdwbd2hPIzC2lyf4y63,0.599,0.374,10,-8.896,0.0385,0.495,0.0,0.221,0.224,119.9,198515,4,Calm,"{'title': 'Ashe – Moral of the Story (Remix) Lyrics', 'lyrics': '[Intro: Ashe & Niall Horan, Niall Horan]\n(Oh-oh, oh-oh) Ooh\n(Oh-oh, oh-oh)\n\n[Verse 1: Ashe]\nSo I never really knew you\nGod, I really tried to\nBlindsided, addicted\nThought we\u2005could\u2005really do this\nBut\u2005really, I was foolish\nHindsight, it\'s obvious\n\n[Pre-Chorus: Ashe]\nTalking\u2005with my lawyer\nShe said, ""Where\'d you find this guy?""\nI said,\u205f""Young\u205fpeople\u205ffall in love\nWith\u205fthe wrong people\u205fsometimes""\n\n[Chorus: Ashe]\nSome mistakes get made\nThat\'s alright, that\'s okay\nYou can think that you\'re in love\nWhen you\'re really just in pain\nSome mistakes get made\nThat\'s alright, that\'s okay\nIn the end, it\'s better for me\nThat\'s the moral of the story, babe\n[Post-Chorus: Ashe]\n(Oh-oh, oh-oh)\n(Oh-oh, oh-oh)\n\n[Verse 2: Niall Horan]\nIt\'s funny how a memory\nTurns into a bad dream\nWhen running wild turns volatile\nIt\'s not funny how it changes\nEnded up like strangers\nAnd we burned down our paper house\n\n[Pre-Chorus: Niall Horan]\nTalking with your father\nHe said that you could be mine\nBut some people fall in love\nWith the wrong people sometimes\n\n[Chorus: Ashe & Niall Horan]\nSome mistakes get made\nThat\'s alright, that\'s okay\nYou can think that you\'re in love\nWhen you\'re really just in pain\nSome mistakes get made\nThat\'s alright, that\'s okay\nIn the end, it\'s better for me\nThat\'s the moral of the story, babe\n[Post-Chorus: Ashe & Niall Horan]\n(Oh-oh, oh-oh)\n(Oh-oh, oh-oh)\n(Oh-oh, oh-oh)\n(Oh-oh, oh-oh)\n\n[Bridge: Ashe & Niall Horan]\nThey say it\'s better to have loved and lost\nThan never to have loved at all\nThat could be a load of shit\nBut I just need to tell you all\n\n[Chorus: Ashe, Niall Horan, Both]\nSome mistakes get made\nThat\'s alright, that\'s okay\nYou can think that you\'re in love\nWhen you\'re really just engaged\nSome mistakes get made\nThat\'s alright, that\'s okay\nIn the end, it\'s better for me\nThat\'s the moral of the story\nSome mistakes get made\nThat\'s alright, that\'s okay\nYou can think that you\'re in love\nWhen you\'re really just in pain\nSome mistakes get made\nThat\'s alright, that\'s okay\nIn the end, it\'s better for me\nThat\'s the moral of the story, babe\n[Outro: Ashe & Niall Horan, Niall Horan & Ashe]\n(Oh-oh, oh-oh) You can think that you\'re in love\n(Oh-oh, oh-oh)\n(Oh-oh, oh-oh)\n(Oh-oh, oh-oh) Oh, that\'s the moral of the story, that\'s the moral\n(Oh-oh, oh-oh)\n(Oh-oh, oh-oh)'}"
One Direction,FOUR (Deluxe),Night Changes,5O2P9iiztwhomNh8xkR9lJ,0.672,0.52,8,-7.747,0.0353,0.859,0.0,0.115,0.37,120.001,226600,4,Calm,"{'title': 'One Direction – Night Changes Lyrics', 'lyrics': ""[Verse 1: Zayn  & Liam]\nGoing out tonight, changes into something red\nHer mother doesn't like that kind of dress\nEverything she never had, she's showing off\nDriving too fast, moon is breaking through her hair\nShe's heading for something that she won't forget\nHaving no regrets is all that she really wants\n\n[Chorus: Harry]\nWe're only getting older, baby\nAnd I've been thinking about it lately\nDoes it ever drive you crazy\nJust how fast the night changes?\nEverything that you've ever dreamed of\nDisappearing when you wake up\nBut there's nothing to be afraid of\nEven when the night changes, it will never change me and you\n\n[Verse 2: Louis & Niall]\nChasing her tonight, doubts are running 'round her head\nHe's waiting, hides behind a cigarette\nHeart is beating loud and she doesn't want it to stop\nMoving too fast, moon is lighting up her skin\nShe's falling, doesn't even know it yet\nHaving no regrets is all that she really wants\n\n[Chorus: Harry]\nWe're only getting older, baby\nAnd I've been thinking about it lately\nDoes it ever drive you crazy\nJust how fast the night changes?\nEverything that you've ever dreamed of\nDisappearing when you wake up\nBut there's nothing to be afraid of\nEven when the night changes, it will never change me and you\n\n[Bridge: Zayn]\nGoing out tonight, changes into something red, her mother doesn't like that kind of dress\nReminds her of the missing piece of innocence she lost\n\n[Chorus: Harry]\nWe're only getting older, baby\nAnd I've been thinking about it lately\nDoes it ever drive you crazy\nJust how fast the night changes?\nEverything that you've ever dreamed of\nDisappearing when you wake up\nBut there's nothing to be afraid of\nEven when the night changes\nIt will never change, baby, it will never change, baby\nIt will never change, me and you""}"
One Direction,Made In The A.M. (Deluxe Edition),Perfect,3NLnwwAQbbFKcEcV8hDItk,0.647,0.823,2,-5.231,0.0762,0.0598,0.0,0.119,0.396,99.933,230333,4,Calm,"{'title': 'One Direction – Perfect Lyrics', 'lyrics': ""[Verse 1: Louis]\nI might never be your knight in shinin' armor\nI might never be the one you take home to mother\nAnd I might never be the one who brings you flowers\nBut I can be the one, be the one tonight\n\n[Pre-Chorus: Liam]\nWhen I first saw you from across the room\nI could tell that you were curious, oh yeah\nGirl, I hope you're sure what you're looking for\n'Cause I'm not good at making promises\n\n[Chorus: Harry & All]\nBut if you like causing trouble up in hotel rooms\nAnd if you like having secret little rendezvous\nIf you like to do the things you know that we shouldn't do\nThen, baby, I'm perfect\nBaby, I'm perfect for you\nAnd if you like midnight driving with the windows down\nAnd if you like going places we can't even pronounce\nIf you like to do whatever you've been dreaming about\nThen, baby, you're perfect\nBaby, you're perfect\nSo let's start right now\n\n[Verse 2: Niall]\nI might never be the hands you put your heart in\nOr the arms that hold you any time you want them\nBut that don't mean that we can't live here in the moment\n'Cause I can be the one you love from time to time\n\n[Pre-Chorus: Liam]\nWhen I first saw you from across the room\nI could tell that you were curious, oh yeah\nGirl, I hope you're sure what you're looking for\n'Cause I'm not good at making promises\n\n[Chorus: Harry & All]\nBut if you like causing trouble up in hotel rooms\nAnd if you like having secret little rendezvous\nIf you like to do the things you know that we shouldn't do\nThen, baby, I'm perfect\nBaby, I'm perfect for you\nAnd if you like midnight driving with the windows down\nAnd if you like going places we can't even pronounce\nIf you like to do whatever you've been dreaming about\nThen, baby, you're perfect\nBaby, you're perfect\nSo let's start right now\n\n[Bridge: Harry]\nAnd if you like cameras flashing every time we go out, oh yeah\nAnd if you're looking for someone to write your break-up songs about\nBaby, I'm perfect, and baby, we're perfect\n\n[Chorus: Harry & All]\nIf you like causing trouble up in hotel rooms\nAnd if you like having secret little rendezvous\nIf you like to do the things you know that we shouldn't do\nThen, baby, I'm perfect\nBaby, I'm perfect for you\nAnd if you like midnight driving with the windows down\nAnd if you like going places we can't even pronounce\nIf you like to do whatever you've been dreaming about\nThen, baby, you're perfect\nBaby, you're perfect\nSo let's start right now""}"
One Direction,Made In The A.M. (Deluxe Edition),History,0HMjXBAZmSYOTTi33WpMso,0.655,0.699,11,-4.421,0.0493,0.0352,0.0,0.064,0.802,86.704,187427,4,Calm,"{'title': 'One Direction – History Lyrics', 'lyrics': ""[Verse 1: Harry & Niall]\nYou gotta help me, I'm losing my mind\nKeep getting the feeling you wanna leave this all behind\nThought we were going strong\nI thought we were holding on\nAren't we?\nNo, they don't teach you this in school\nNow my heart's breaking and I don't know what to do\nThought we were going strong\nThought we were holding on\nAren't we?\n\n[Chorus: All]\nYou and me got a whole lot of history\nWe could be the greatest team that the world has ever seen\nYou and me got a whole lot of history\nSo don't let it go, we can make some more, we can live forever\n\n[Verse 2: Liam]\nAll of the rumours, all of the fights\nBut we always find a way to make it out alive\nI thought we were going strong\nI thought we were holding on\nAren't we?\n\n[Chorus: All]\nYou and me got a whole lot of history\nWe could be the greatest team that the world has ever seen\nYou and me got a whole lot of history\nSo don't let it go, we can make some more, we can live forever\n\n[Bridge: Louis]\nMinibars, expensive cars\nHotel rooms and new tattoos\nThe good champagne and private planes\nBut they don't mean anything\n'Cause the truth is out, I realize\nThat without you here, life is just a lie\nThis is not the end, this is not the end\nWe can make it, you know it, you know\n\n[Chorus: All]\nYou and me got a whole lot of history\nWe could be the greatest team that the world has ever seen\nYou and me got a whole lot of history\nSo don't let it go, we can make some more, we can live forever\nYou and me got a whole lot of history\nWe could be the greatest team that the world has ever seen\nYou and me got a whole lot of history\nSo don't let it go, we can make some more, we can live forever\n\n[Outro: Harry & All & Liam]\nSo don't let me go, so don't let me go\nWe can live forever\nBaby don't you know, baby don't you know\nWe can live forever, ooh""}"
Jaymes Young,Happiest Year,Happiest Year,5kcvBnt6DPX3AMEsCx1qDh,0.501,0.167,1,-14.061,0.0484,0.885,0.0,0.111,0.356,112.275,228443,3,Calm,"{'title': 'Jaymes Young – Happiest Year Lyrics', 'lyrics': ""[Verse 1]\nI'm really on the ropes this time\nI've been fighting all my life for you\nI never should've said goodbye\nBut maybe that's what stupid people do\n\n[Pre-Chorus]\n'Cause you gave me peace\nAnd I wasted it\nI'm here to admit\nThat you were my medicine\nOh, I couldn't quit\nAnd I'm down on my knees again\nAsking for nothing\n\n[Chorus]\nThank you for the happiest year of my life\nThank you for the happiest year of my life, ooh\nOoh, ooh, ooh\n\n[Verse 2]\nDon't think I could forgive myself\nI'm sorry for the ways that I used you\nAnd I could care less right now\nBut you know, you hurt me pretty good too\n\n[Pre-Chorus]\nYeah, we made each other bleed\nAnd we tasted it\nI'm here to admit\nThat you were my medicine\nOh, love, I couldn't quit\nAnd I'm down on my knees again\n\n[Chorus]\nThank you for the happiest year of my life\nOh, thank you for the happiest year of my life, ooh\n\n[Verse 3]\nSo wake me up when they build that time machine\nI want to go back\nWake me up when you were sleeping next to me\n'Cause I really loved you, ooh\n\n[Chorus]\nThank you for the happiest year of my life\nThank you for the happiest year of my life ooh\nThank you for the happiest year of my life, yeah\nThank you for the happiest year of my life\nThank you for the happiest year of my life""}"
Sleeping At Last,Atlas: II,Touch,4g2WiijzSKzH8PApKDbadN,0.415,0.104,0,-11.83,0.0426,0.955,3.79e-06,0.104,0.18,82.006,256300,3,Calm,"{'title': 'Sleeping At Last – Love Me Like You Do Lyrics', 'lyrics': ""[Verse 1]\nYou're the light, you're the night\nYou're the color of my blood\nYou're the cure, you're the pain\nYou're the only thing I wanna touch\nNever knew that it could mean so much\n\n[Verse 2]\nYou're the fear, I don't care\n'Cause I've never been so high\nFollow me through the dark\nLet me take you past our satellites\nYou can see the world you brought to life, to life\n\n[Chorus]\nSo love me like you do, love me like you do\nLove mе like you do, love me likе you do\nTouch me like you do, touch me like you do\nWhat are you waiting for?\n\n[Verse 3]\nFading in, fading out\nOn the edge of paradise\nEvery inch of your skin\nIs a Holy Grail I've got to find\nOnly you can set my heart on fire, on fire\n[Bridge]\nI'll let you set the pace\n'Cause I'm not thinking straight\nMy head's spinning around, I can't see clear no more\nWhat are you waiting for?\n\n[Chorus]\nLove me like you do, love me like you do\nLove me like you do, love me like you do\nTouch me like you do, touch me like you do\nWhat are you waiting for?\nLove me like you do, love me like you do\nLove me like you do, love me like you do\nTouch me like you do, touch me like you do\nWhat are you waiting for?\n\n[Bridge]\nI'll let you set the pace\n'Cause I'm not thinking straight\nMy head's spinning around, I can't see clear no more\nWhat are you waiting for?\n\n[Chorus]\nLove me like you do, love me like you do\nLove me like you do, love me like you do\nTouch me like you do, touch me like you do\nSo what are you waiting for?\nLove me like you do, love me like you do\nLove me like you do, love me like you do\nTouch me like you do, touch me like you do\nWhat are you waiting for?\n[Outro]\nWhat are you waiting for?""}"
Teqkoi,You Broke My Heart Again,You Broke My Heart Again,3jZDWsoxRHzzp3DYV8qeXE,0.55,0.143,3,-15.685,0.241,0.956,0.0,0.195,0.224,74.918,103400,4,Calm,"{'title': 'Teqkoi – You Broke My Heart Again Lyrics', 'lyrics': ""[Intro]\nI think you broke my heart again\nPlease don't leave and take my hand\nDrowning inside these walls of fear\nTake my hand and stay with me my dear\n\n[Verse]\nI think you broke my heart again\nPlease don’t leave and take my hand\nDrowning inside these walls of fear\nTake my hand and stay with me my dear\nI think you broke my heart again\nPlease don't leave and take my hand\nDrowning inside these walls of fear\nTake my hand and stay with me my dear\n\n[Outro]\nI think you broke my heart again\nPlease don't leave and take my hand\nDrowning inside these walls of fear\n(You knew before I did)\n(Why’re you crying?)\nTake my hand and stay...\n(Don't you know?)\n(Yes, I know exactly)""}"
Jeremy Zucker,"summer,",comethru,18uwL0vNUanqZH0ro2QcOP,0.795,0.178,0,-11.991,0.0574,0.607,0.0,0.623,0.608,93.982,181613,4,Calm,"{'title': 'Jeremy Zucker – \u200bcomethru Lyrics', 'lyrics': ""[Verse 1]\nI might lose my mind\nWaking when the sun's down\nRiding all these highs\nWaiting for the comedown\nWalk these streets with me\nI'm doing decently\nJust glad that I can breathe, yeah\n\n[Pre-Chorus]\nI'm trying to realize\nIt's alright to not be fine on your own\n\n[Chorus]\nNow I'm shaking, drinking all this coffee\nThese last few weeks have been exhausting\nI'm lost in my imagination\nAnd there's one thing that I need from you\n\n[Hook]\nCan you come through, through\nThrough, yeah\nAnd there's one thing that I need from you\nCan you come through?\n\n[Verse 2]\nAin't got much to do\nToo old for my hometown\nWent to bed at noon\nCouldn't put my phone down\nScrolling patiently\nIt's all the same to me\nJust faces on a screen, yeah\n[Pre-Chorus]\nI'm trying to realize\nIt's alright to not be fine on your own\n\n[Chorus]\nNow I'm shaking, drinking all this coffee\nThese last few weeks have been exhausting\nI'm lost in my imagination\nAnd there's one thing that I need from you\n\n[Hook]\nCan you come through, through\nThrough, yeah\nAnd there's one thing that I need from you\nCan you come through, through\nThrough, yeah\nAnd there's one thing that I need from you\nCan you come through?""}"
Ant Saunders,Yellow Hearts,Yellow Hearts,2W4yABdLc4Jnds67Poi5Nl,0.866,0.438,7,-8.943,0.0719,0.177,0.0,0.0743,0.695,129.039,223258,4,Calm,NaN
Andy Grammer,Naive,"Don't Give Up On Me - (From ""Five Feet Apart"")",5A3fPy30SN2wuzrahpcxvV,0.641,0.537,0,-5.452,0.0282,0.0875,9.05e-06,0.115,0.0681,112.864,196188,4,Calm,"{'title': ""Andy Grammer – Don't Give Up On Me Lyrics"", 'lyrics': ""[Verse 1]\nI will fight, I will fight for you\nI always do until my heart is black and blue\nAnd I will stay, I will stay with you\nWe'll make it to the other side like lovers do\n\n[Pre-Chorus]\nI'll reach my hands out in the dark and\nWait for yours to interlock\nI'll wait for you, I'll wait for you\n\n[Chorus]\n'Cause I'm not givin' up\nI'm not givin' up, givin' up, no, not yet (Not yet)\nEven when I'm down on my last breath (Last breath)\nEven when they say there's nothin' left (Nothin' left)\nSo don't give up on\nI'm not givin' up\nI'm not givin' up, givin' up, no, not me (Not me)\nEven when nobody else believes (Believes)\nI'm not goin' down that easily\nSo don't give up on me\n\n[Verse 2]\nAnd I will hold, I'll hold onto you\nNo matter what this world will throw\nIt won't shake me loose\n[Pre-Chorus]\nI'll reach my hands out in the dark and\nWait for yours to interlock\nI'll wait for you, I'll wait for you\n\n[Chorus]\n'Cause I'm not givin' up\nI'm not givin' up, givin' up, no, not yet (Not yet)\nEven when I'm down on my last breath (Last breath)\nEven when they say there's nothin' left (Nothin' left)\nSo don't give up on\nI'm not givin' up\nI'm not givin' up, givin' up, no, not me (Not me)\nEven when nobody else believes (Believes)\nI'm not goin' down that easily\nSo don't give up on me\n\n[Outro]\nI will fight, I will fight for you\nI always do until my heart is black and blue""}"
Sasha Alex Sloan,Dancing With Your Ghost,Dancing With Your Ghost,1TQXIltqoZ5XXyfCbAeSQQ,0.629,0.328,11,-8.284,0.029,0.768,2.5e-05,0.103,0.389,74.953,197732,4,Calm,"{'title': 'Sasha Alex Sloan – Dancing with Your Ghost Lyrics', 'lyrics': ""[Verse 1]\nYelling at the sky\nScreaming at the world\nBaby, why'd you go away?\nI’m still your girl\nHolding on too tight\nHead up in the clouds\nHeaven only knows where you are now\n\n[Pre-Chorus]\nHow do I love, how do I love again?\nHow do I trust, how do I trust again?\n\n[Chorus]\nI stay up all night, tell myself I'm alright\nBaby, you're just harder to see than most\nI put the record on, wait ’til I hear our song\nEvery night, I'm dancing with your ghost\nEvery night, I'm dancing with your ghost\n\n[Verse 2]\nNever got the chance\nTo say your last goodbye\nI gotta move on\nBut it hurts to try\n\n[Pre-Chorus]\nHow do I love, how do I love again?\nHow do I trust, how do I trust again?\n\n[Chorus]\nI stay up all night, tell myself I'm alright\nBaby, you're just harder to see than most\nI put the record on, wait 'til I hear our song\nEvery night, I'm dancing with your ghost\nEvery night, I'm dancing with your ghost\n\n[Bridge]\nHow do I love, how do I love again?\nHow do I trust, how do I trust again?\n\n[Chorus]\nI stay up all night, tell myself I’m alright\nBaby, you’re just harder to see than most\nI put the record on, wait 'til I hear our song\nEvery night, I’m dancing with your ghost\nEvery night, I'm dancing with your ghost\nEvery night, I'm dancing with your ghost""}"
Olivia O'Brien,Complicated,Complicated,0jllH0usRFD4LJkJnGK9Lf,0.657,0.355,7,-12.044,0.0714,0.694,0.000427,0.123,0.0808,74.99,189000,4,Calm,"{'title': ""Olivia O'Brien – Complicated Lyrics"", 'lyrics': ""[Verse 1]\nChill out, what you yelling for?\nLay back, it's all been done before\nAnd if you could only let it be, you will see\nI like you the way you are\nWhen we're driving in your car\nAnd you're talking to me one on one\nBut you've become\n\n[Pre-Chorus]\nSomebody else, 'round everyone else\nYou're watching your back, like you can't relax\nYou're trying to be cool, you look like a fool to me\nTell me\n\n[Chorus]\nWhy do you have to go and make things so complicated?\nI see the way you're acting like you're somebody else\nGets me frustrated\nLife's like this you\nYou fall, and you crawl, and you break\nAnd you take what you get, and you turn it into\nHonesty and promise me I'm never gonna find you fake it\nNo, no, no\nNo, no, no\nNo, no, no\nNo, no, no\nNo, no, no\n\n[Verse 2]\nYou come over unannounced\nDressed up, like you're something else\nWhere you aren't where it's at you see\nYou're making me\nLaugh out when you strike your pose\nTake off all your preppy clothes\nYou know you're not fooling anyone\nWhen you become\n\n[Pre-Chorus]\nSomebody else, 'round everyone else\nYou're watching your back, like you can't relax\nYou're trying to be cool, you look like a fool to me\nTell me\n\n[Chorus]\nWhy do you have to go and make things so complicated?\nI see the way you're acting like you're somebody else\nGets me frustrated\nLife's like this you\nYou fall, and you crawl, and you break\nAnd you take what you get, and you turn it into\nHonesty and promise me I'm never gonna find you fake it\nNo, no, no\nNo, no, no\nNo, no, no\nNo, no, no\nNo, no, no\n\n[Outro]\nNo, no, no\nNo, no, no\nNo, no, no\nNo, no, no""}"
Shawn Mendes,Shawn Mendes,In My Blood,2QZ7WLBE8h2y1Y5Fb8RYbH,0.622,0.712,5,-7.321,0.066,0.0573,0.0,0.13,0.487,140.025,211360,4,Calm,"{'title': 'Shawn Mendes – In My Blood Lyrics', 'lyrics': ""[Intro]\nHelp me, it's like the walls are caving in\nSometimes I feel like giving up\nBut I just can't\nIt isn't in my blood\n\n[Verse 1]\nLaying on the bathroom floor, feeling nothing\nI'm overwhelmed and insecure, give me something\nI could take to ease my mind slowly\nJust have a drink and you'll feel better\nJust take her home and you'll feel better\nKeep telling me that it gets better\nDoes it ever?\n\n[Pre-Chorus]\nHelp me, it's like the walls are caving in\nSometimes I feel like giving up\nNo medicine is strong enough\nSomeone help me\nI'm crawling in my skin\nSometimes I feel like giving up\nBut I just can't\n\n[Chorus]\nIt isn't in my blood\nIt isn't in my blood\n[Verse 2]\nI'm looking through my phone again feeling anxious\nAfraid to be alone again, I hate this\nI'm trying to find a way to chill, can't breathe, oh\nIs there somebody who could help me?\n\n[Pre-Chorus]\nIt's like the walls are caving in\nSometimes I feel like giving up\nNo medicine is strong enough\nSomeone help me\nI'm crawling in my skin\nSometimes I feel like giving up\nBut I just can't\n\n[Chorus]\nIt isn't in my blood\nIt isn't in my blood\n\n[Bridge]\nI need somebody now\nI need somebody now\nSomeone to help me out\nI need somebody now\n\n[Pre-Chorus]\nHelp me, it's like the walls are caving in\nSometimes I feel like giving up\nBut I just can't\n[Chorus]\nIt isn't in my blood\nIt isn't in my blood, oh\n\n[Outro]\nIt isn't in my blood\nI need somebody now\nIt isn't in my blood\nI need somebody now\nIt isn't in my blood""}"
Twenty One Pilots,Heathens,Heathens,6i0V12jOa3mr6uu4WYhUBr,0.732,0.396,4,-9.348,0.0286,0.0841,3.58e-05,0.105,0.548,90.024,195920,4,Calm,"{'title': '\u200btwenty one pilots – Heathens Lyrics', 'lyrics': '[Chorus]\nAll my friends are heathens, take it slow (In the city, boy, in the city)\nWait for them to ask you who you know\nPlease don\'t make any sudden moves\nYou don\'t know the half of the abuse\nAll my friends are heathens, take it slow\nWait for them to ask you who you know\nPlease don\'t make any sudden moves\nYou don\'t know the half of the abuse\n\n[Verse 1]\nWelcome to the room of people\nWho have rooms of people that they loved one day\nDocked away\nJust because we check the guns at the door\nDoesn\'t mean our brains will change from hand grenades\nYou’ll never know the psychopath sitting next to you\nYou’ll never know  the murderer sitting next to you\nYou\'ll think, ""How\'d I get here, sitting next to you?""\nBut after all I\'ve said, please don\'t forget\n\n[Chorus]\nAll my friends are heathens, take it slow\nWait for them to ask you who you know\nPlease don\'t make any sudden moves\nYou don\'t know the half of the abuse\n\n[Verse 2]\nWe don\'t deal with outsiders very well\nThey say newcomers have a certain smell\nYou have trust issues, not to mention\nThey say they can smell your intentions\nYou\'ll never know the freak show sitting next to you\nYou\'ll have some weird people sitting next to you\nYou\'ll think ""How did I get here, sitting next to you?""\nBut after all I\'ve said, please don\'t forget\n(Watch it, watch it)\n\n[Chorus]\nAll my friends are heathens, take it slow (In the city, boy, in the city)\nWait for them to ask you who you know\nPlease don\'t make any sudden moves\nYou don\'t know the half of the abuse\n\n[Bridge]\nAll my friends are heathens, take it slow (Watch it)\nWait for them to ask you who you know (Watch it)\nPlease all my friends are heathens, take it slow (Watch it)\nWait for them to ask you who you know\n\n[Outro]\nWhy\'d you come? You knew you should have stayed (It\'s blasphemy)\nI tried to warn you just to stay away (Wouldn\'t listen to me)\nAnd now they\'re outside ready to bust (And guess what?)\nIt looks like you might be one of us'}"
The Neighbourhood,I Love You.,Sweater Weather,2QjOHCTQ1Jl3zawyYOpxh6,0.612,0.807,10,-2.81,0.0336,0.0495,0.0177,0.101,0.398,124.053,240400,4,Calm,"{'title': 'The Neighbourhood – Sweater Weather Lyrics', 'lyrics': ""[Verse 1]\nAll I am is a man\nI want the world in my hands\nI hate the beach but I stand\nIn California with my toes in the sand\nUse the sleeves of my sweater\nLet's have an adventure\nHead in the clouds but my gravity's centered\nTouch my neck and I'll touch yours\nYou in those little high waisted shorts, oh\n\n[Pre-Chorus]\nShe knows what I think about\nAnd what I think about\nOne love, two mouths\nOne love, one house\nNo shirt, no blouse\nJust us, you find out\nNothing that I wouldn’t wanna tell you about, no\n\n[Chorus]\n'Cause it's too cold for you here\nAnd now, so let me hold\nBoth your hands in the holes of my sweater\n\n[Verse 2]\nAnd if I may just take your breath away\nI don't mind if there's not much to say\nSometimes the silence guides a mind\nTo move to a place so far away\nThe goosebumps start to raise\nThe minute that my left hand meets your waist\nAnd then I watch your face\nPut my finger on your tongue\n'Cause you love the taste, yeah\nThese hearts adore\nEveryone the other beats hardest for\nInside this place is warm\nOutside it starts to pour\n\n[Pre-Chorus]\nComin' down\nOne love, two mouths\nOne love, one house\nNo shirt, no blouse\nJust us, you find out\nNothing that I wouldn't wanna tell you about\nNo, no, no\n\n[Chorus]\n'Cause it's too cold for you here\nAnd now, so let me hold\nBoth your hands in the holes of my sweater\n'Cause it's too cold for you here\nAnd now, so let me hold\nBoth your hands in the holes of my sweater, woah\n\n[Bridge]\nWoah, woah, woah\nWoah, woah, woah, woah\nWoah, woah\nWoah, woah, woah, woah\nWoah, woah\n\n[Chorus]\n'Cause it's too cold for you here\nAnd now, so let me hold\nBoth your hands in the holes of my sweater\n'Cause it's too cold for you here\nNow, let me hold\nBoth your hands in the holes of my sweater\n\n[Outro]\nAnd it's too cold, it's too cold\nThe holes of my sweater""}"
Foster The People,Torches,Pumped Up Kicks,7w87IxuO7BDcJ3YUqCyMTT,0.733,0.71,5,-5.849,0.0292,0.145,0.115,0.0956,0.965,127.975,239600,4,Calm,"{'title': 'Foster the People – Pumped Up Kicks Lyrics', 'lyrics': '[Verse 1]\nRobert\'s got a quick hand\nHe\'ll look around the room, he won\'t tell you his plan\nHe\'s got a rolled cigarette\nHanging out his mouth, he\'s a cowboy kid\nYeah, he found a six-shooter gun\nIn his dad\'s closet with a box of fun things\nI don\'t even know what\nBut he\'s coming for you, yeah, he\'s coming for you, wait\n\n[Chorus]\nAll the other kids with the pumped up kicks\nYou better run, better run, outrun my gun\nAll the other kids with the pumped up kicks\nYou better run, better run faster than my bullet\nAll the other kids with the pumped up kicks\nYou better run, better run, outrun my gun\nAll the other kids with the pumped up kicks\nYou better run, better run faster than my bullet\n\n[Verse 2]\nDaddy works a long day\nHe be coming home late, and he\'s coming home late\nAnd he\'s bringing me a surprise\n\'Cause dinner\'s in the kitchen and it\'s packed in ice\nI\'ve waited for a long time\nYeah, the sleight of my hand is now a quick-pull trigger\nI reason with my cigarette\nAnd say, ""Your hair\'s on fire, you must\'ve lost your wits,"" yeah\n[Chorus]\nAll the other kids with the pumped up kicks\nYou better run, better run, outrun my gun\nAll the other kids with the pumped up kicks\nYou better run, better run faster than my bullet\nAll the other kids with the pumped up kicks\nYou better run, better run, outrun my gun\nAll the other kids with the pumped up kicks\nYou better run, better run faster than my bullet\n\n[Bridge]\nRun, run, run, run\nRu-ru-ru-run, run, run\nRu-ru-ru-ru-run, run, run, run\nRu-ru-ru-run\nRun, run, ru-run, run\n\n[Chorus]\nAll the other kids with the pumped up kicks\nYou better run, better run, outrun my gun\nAll the other kids with the pumped up kicks\nYou better run, better run faster than my bullet\nAll the other kids with the pumped up kicks\nYou better run, better run, outrun my gun\nAll the other kids with the pumped up kicks\nYou better run, better run faster than my bullet\nAll the other kids with the pumped up kicks\nYou better run, better run, outrun my gun\nAll the other kids with the pumped up kicks\nYou better run, better run faster than my bullet'}"
Alexander Rybak,Fairytale,Fairytale,2rzWSywjwzbysCmdOzssFR,0.576,0.785,2,-5.359,0.0295,0.62,4.26e-05,0.233,0.674,107.996,182640,4,Calm,"{'title': 'Alexander Rybak – Fairytale Lyrics', 'lyrics': ""[Verse 1]\nYears ago, when I was younger\nI kinda liked a girl I knew\nShe was mine and we were sweethearts\nThat was then, but then it's true\n\n[Chorus]\nI'm in love with a fairytale\nEven though it hurts\n'Cause I don't care if I lose my mind\nI'm already cursed\n\n[Verse 2]\nEvery day, we started fighting\nEvery night, we fell in love\nNo one else could make me sadder\nBut no one else could lift me high above\nI don't know what I was doing\nWhen suddenly, we fell apart\nNowadays, I cannot find her\nBut when I do, we'll get a brand-new start\n\n[Chorus]\nI'm in love with a fairytale\nEven though it hurts\n'Cause I don't care if I lose my mind\nI'm already cursed\nShe's a fairytale, yeah\nEven though it hurts\n'Cause I don't care if I lose my mind\nI'm already cursed""}"
